name,owner,createdAt,updatedAt,stargazers,releases
JavaGuide,{'login': 'Snailclimb'},2018-05-07T13:27:00Z,2025-03-15T14:00:54Z,148698,0
hello-algo,{'login': 'krahets'},2022-11-04T11:08:34Z,2025-03-15T18:28:44Z,110186,9
java-design-patterns,{'login': 'iluwatar'},2014-08-09T16:45:18Z,2025-03-15T18:26:47Z,90999,0
mall,{'login': 'macrozheng'},2018-04-04T01:11:44Z,2025-03-15T14:56:03Z,79471,3
advanced-java,{'login': 'doocs'},2018-10-06T11:38:30Z,2025-03-15T16:17:07Z,77236,1
spring-boot,{'login': 'spring-projects'},2012-10-19T15:02:57Z,2025-03-15T19:11:57Z,76444,300
LeetCodeAnimation,{'login': 'MisterBooo'},2018-12-06T08:01:22Z,2025-03-15T17:17:18Z,75765,0
elasticsearch,{'login': 'elastic'},2010-02-08T13:20:56Z,2025-03-15T19:26:15Z,71990,174
interviews,{'login': 'kdn251'},2017-02-14T18:19:25Z,2025-03-15T15:30:30Z,64017,0
Java,{'login': 'TheAlgorithms'},2016-07-16T10:21:02Z,2025-03-15T18:47:27Z,61087,0
spring-framework,{'login': 'spring-projects'},2010-12-08T04:04:45Z,2025-03-15T18:58:24Z,57548,327
ghidra,{'login': 'NationalSecurityAgency'},2019-03-01T03:27:48Z,2025-03-15T17:52:04Z,55349,42
Stirling-PDF,{'login': 'Stirling-Tools'},2023-01-27T18:22:42Z,2025-03-15T17:09:30Z,54136,118
guava,{'login': 'google'},2014-05-29T16:23:17Z,2025-03-15T19:13:24Z,50585,48
RxJava,{'login': 'ReactiveX'},2013-01-08T20:11:48Z,2025-03-15T15:11:24Z,48039,235
jadx,{'login': 'skylot'},2013-03-18T17:08:21Z,2025-03-15T16:39:33Z,43169,30
dbeaver,{'login': 'dbeaver'},2015-10-21T08:26:28Z,2025-03-15T18:58:01Z,42245,219
JeecgBoot,{'login': 'jeecgboot'},2018-11-26T10:40:00Z,2025-03-15T16:30:00Z,41849,54
dubbo,{'login': 'apache'},2012-06-19T07:56:02Z,2025-03-15T16:56:13Z,40807,109
termux-app,{'login': 'termux'},2015-10-23T09:42:46Z,2025-03-15T19:40:55Z,39731,91
MPAndroidChart,{'login': 'PhilJay'},2014-04-25T14:29:47Z,2025-03-15T17:09:18Z,37861,44
tutorials,{'login': 'eugenp'},2013-04-29T18:26:36Z,2025-03-15T15:00:43Z,37079,0
arthas,{'login': 'alibaba'},2018-08-29T17:15:57Z,2025-03-15T15:29:51Z,36057,59
hello-algorithm,{'login': 'geekxh'},2020-05-29T05:47:09Z,2025-03-15T16:32:08Z,35508,0
lottie-android,{'login': 'airbnb'},2016-10-06T22:42:42Z,2025-03-15T15:28:11Z,35233,56
halo,{'login': 'halo-dev'},2018-03-21T12:56:52Z,2025-03-15T17:03:03Z,34971,210
glide,{'login': 'bumptech'},2013-07-08T22:52:33Z,2025-03-15T13:58:45Z,34814,47
netty,{'login': 'netty'},2010-11-09T09:22:21Z,2025-03-15T13:59:02Z,33869,0
AndroidUtilCode,{'login': 'Blankj'},2016-07-30T18:18:32Z,2025-03-15T13:59:08Z,33487,117
spring-boot-demo,{'login': 'xkcoding'},2017-11-10T06:27:29Z,2025-03-15T18:09:52Z,33481,0
leetcode,{'login': 'doocs'},2018-09-16T14:03:03Z,2025-03-15T14:37:15Z,33275,21
NewPipe,{'login': 'TeamNewPipe'},2015-09-03T23:39:26Z,2025-03-15T18:31:37Z,33209,135
easyexcel,{'login': 'alibaba'},2018-02-06T03:14:08Z,2025-03-15T18:37:30Z,33199,14
zxing,{'login': 'zxing'},2011-10-12T14:07:27Z,2025-03-15T14:00:11Z,33155,31
selenium,{'login': 'SeleniumHQ'},2013-01-14T21:40:56Z,2025-03-15T19:24:25Z,31824,102
nacos,{'login': 'alibaba'},2018-06-15T06:49:27Z,2025-03-15T10:29:16Z,30990,77
WxJava,{'login': 'binarywang'},2016-01-06T08:24:05Z,2025-03-15T16:35:52Z,30723,30
spring-boot-examples,{'login': 'ityouknow'},2016-11-05T05:32:33Z,2025-03-15T13:37:46Z,30400,0
kafka,{'login': 'apache'},2011-08-15T18:06:16Z,2025-03-15T19:09:47Z,29656,0
ruoyi-vue-pro,{'login': 'YunaiV'},2021-01-24T03:18:25Z,2025-03-15T17:13:05Z,29643,34
hutool,{'login': 'chinabugotech'},2014-04-13T07:23:51Z,2025-03-15T15:21:45Z,29611,149
apollo,{'login': 'apolloconfig'},2016-03-04T10:24:23Z,2025-03-15T15:02:13Z,29376,41
canal,{'login': 'alibaba'},2013-01-13T10:59:52Z,2025-03-15T15:02:24Z,28883,32
SpringAll,{'login': 'wuyouzhuguli'},2018-05-02T02:48:44Z,2025-03-15T14:34:58Z,28657,0
xxl-job,{'login': 'xuxueli'},2015-11-28T12:59:34Z,2025-03-15T16:57:20Z,28444,36
spring-cloud-alibaba,{'login': 'alibaba'},2017-12-01T20:49:15Z,2025-03-15T17:08:54Z,28303,47
druid,{'login': 'alibaba'},2011-11-03T05:12:51Z,2025-03-15T15:02:48Z,28089,51
vhr,{'login': 'lenve'},2018-01-04T08:57:51Z,2025-03-15T15:01:27Z,27653,0
JCSprout,{'login': 'crossoverJie'},2017-12-17T09:06:50Z,2025-03-15T15:43:25Z,27100,0
miaosha,{'login': 'qiurunze123'},2018-09-14T04:36:24Z,2025-03-15T15:43:30Z,26277,0
keycloak,{'login': 'keycloak'},2013-07-02T13:38:51Z,2025-03-15T19:23:23Z,25933,76
Telegram,{'login': 'DrKLO'},2013-10-25T14:08:10Z,2025-03-15T16:13:46Z,25900,95
fastjson,{'login': 'alibaba'},2011-11-03T06:58:52Z,2025-03-14T18:21:48Z,25774,84
incubator-seata,{'login': 'apache'},2018-12-28T08:37:22Z,2025-03-15T19:27:54Z,25543,42
butterknife,{'login': 'JakeWharton'},2013-03-05T08:18:59Z,2025-03-15T15:19:09Z,25532,0
toBeTopJavaer,{'login': 'hollischuang'},2018-10-25T09:54:54Z,2025-03-15T14:01:32Z,25420,0
SmartRefreshLayout,{'login': 'scwang90'},2017-06-02T09:52:50Z,2025-03-14T11:06:01Z,25047,14
proxyee-down,{'login': 'proxyee-down-org'},2017-10-25T10:07:27Z,2025-03-15T15:43:33Z,24904,49
EventBus,{'login': 'greenrobot'},2012-07-16T16:55:40Z,2025-03-15T13:07:53Z,24738,7
flink,{'login': 'apache'},2014-06-07T07:00:10Z,2025-03-15T11:30:10Z,24630,0
Hystrix,{'login': 'Netflix'},2012-11-19T20:14:46Z,2025-03-15T15:23:15Z,24259,79
skywalking,{'login': 'apache'},2015-11-07T03:30:36Z,2025-03-15T03:35:07Z,24154,61
libgdx,{'login': 'libgdx'},2012-08-10T19:34:38Z,2025-03-15T18:34:43Z,23818,13
bazel,{'login': 'bazelbuild'},2014-06-12T16:00:38Z,2025-03-15T19:10:11Z,23766,186
jenkins,{'login': 'jenkinsci'},2010-11-22T21:21:23Z,2025-03-15T16:44:32Z,23745,404
redisson,{'login': 'redisson'},2014-01-11T14:06:25Z,2025-03-15T12:34:57Z,23661,166
gson,{'login': 'google'},2015-03-19T18:21:20Z,2025-03-15T16:21:34Z,23613,9
Mindustry,{'login': 'Anuken'},2017-04-30T01:24:29Z,2025-03-15T19:35:37Z,23470,160
openapi-generator,{'login': 'OpenAPITools'},2018-05-12T09:57:56Z,2025-03-15T19:20:35Z,23086,70
Sentinel,{'login': 'alibaba'},2018-04-04T06:37:33Z,2025-03-15T08:44:01Z,22626,25
source-code-hunter,{'login': 'doocs'},2019-10-28T01:35:10Z,2025-03-15T13:46:18Z,22542,0
FizzBuzzEnterpriseEdition,{'login': 'EnterpriseQualityCoding'},2012-11-24T00:14:41Z,2025-03-15T17:29:31Z,22202,0
ExoPlayer,{'login': 'google'},2014-06-13T21:19:18Z,2025-03-15T15:27:40Z,21799,28
SmartTube,{'login': 'yuliskov'},2020-07-28T12:53:52Z,2025-03-15T19:43:40Z,21776,716
rocketmq,{'login': 'apache'},2016-11-30T08:00:08Z,2025-03-15T14:55:52Z,21612,21
awesome-system-design-resources,{'login': 'ashishps1'},2023-10-25T01:50:42Z,2025-03-15T18:53:04Z,21554,0
eladmin,{'login': 'elunez'},2018-12-14T08:54:24Z,2025-03-15T16:06:25Z,21544,1
Apktool,{'login': 'iBotPeaches'},2012-03-19T17:46:53Z,2025-03-15T16:47:23Z,21504,25
graal,{'login': 'oracle'},2016-01-14T17:11:35Z,2025-03-15T11:29:14Z,20691,32
Chat2DB,{'login': 'CodePhiliaX'},2023-06-20T14:05:26Z,2025-03-15T19:25:55Z,20651,43
jdk,{'login': 'openjdk'},2018-09-17T12:29:20Z,2025-03-15T18:57:21Z,20593,0
GSYVideoPlayer,{'login': 'CarGuo'},2016-11-13T12:34:31Z,2025-03-15T06:49:33Z,20582,48
conductor,{'login': 'conductor-oss'},2023-12-08T06:06:09Z,2025-03-15T13:05:22Z,20402,19
HikariCP,{'login': 'brettwooldridge'},2013-10-08T05:43:03Z,2025-03-15T13:31:08Z,20310,0
DoKit,{'login': 'didi'},2018-08-14T10:32:07Z,2025-03-14T11:10:11Z,20289,10
shardingsphere,{'login': 'apache'},2016-01-18T12:49:26Z,2025-03-15T17:05:45Z,20116,58
mybatis-3,{'login': 'mybatis'},2013-02-14T19:03:32Z,2025-03-15T14:13:27Z,19994,46
RxAndroid,{'login': 'ReactiveX'},2014-08-19T03:46:38Z,2025-03-13T11:52:31Z,19867,20
dataease,{'login': 'dataease'},2021-02-02T04:10:21Z,2025-03-15T16:36:17Z,19566,91
litemall,{'login': 'linlinjava'},2018-03-22T16:42:30Z,2025-03-15T06:04:52Z,19528,8
SpringBoot-Labs,{'login': 'yudaocode'},2018-09-12T14:51:46Z,2025-03-15T06:39:35Z,19457,0
LSPosed,{'login': 'LSPosed'},2020-12-12T08:39:37Z,2025-03-15T18:52:19Z,19423,39
PhotoView,{'login': 'Baseflow'},2012-07-17T16:39:00Z,2025-03-15T15:58:28Z,18830,5
cat,{'login': 'dianping'},2012-12-05T02:31:48Z,2025-03-15T15:05:21Z,18804,3
DSA-Bootcamp-Java,{'login': 'kunal-kushwaha'},2021-07-30T12:23:25Z,2025-03-15T19:11:14Z,18533,0
thingsboard,{'login': 'thingsboard'},2016-12-01T09:33:30Z,2025-03-15T17:03:27Z,18410,65
SpringCloudLearning,{'login': 'forezp'},2017-04-08T10:06:56Z,2025-03-14T11:02:27Z,17924,0
Algorithms,{'login': 'williamfiset'},2017-03-18T02:50:46Z,2025-03-15T17:59:45Z,17747,0
intellij-community,{'login': 'JetBrains'},2011-09-30T13:33:05Z,2025-03-15T15:05:26Z,17732,0
antlr4,{'login': 'antlr'},2010-02-04T01:36:28Z,2025-03-15T16:49:59Z,17683,31
disruptor,{'login': 'LMAX-Exchange'},2012-09-21T13:42:24Z,2025-03-15T08:28:00Z,17670,14
APIJSON,{'login': 'Tencent'},2016-11-21T12:03:29Z,2025-03-15T18:57:42Z,17525,106
tinker,{'login': 'Tencent'},2016-09-06T06:57:52Z,2025-03-14T12:56:46Z,17255,59
Sa-Token,{'login': 'dromara'},2020-02-03T10:34:29Z,2025-03-15T17:46:16Z,17201,34
zipkin,{'login': 'openzipkin'},2012-06-06T18:26:16Z,2025-03-15T15:06:01Z,17141,96
fresco,{'login': 'facebook'},2015-03-02T09:58:04Z,2025-03-14T18:51:47Z,17099,55
yudao-cloud,{'login': 'YunaiV'},2019-05-02T16:06:49Z,2025-03-15T17:38:00Z,16891,20
analysis-ik,{'login': 'infinilabs'},2011-12-16T09:01:45Z,2025-03-15T15:18:11Z,16862,1
JustAuth,{'login': 'justauth'},2019-01-31T09:42:20Z,2025-03-15T16:34:38Z,16794,46
Android-Universal-Image-Loader,{'login': 'nostra13'},2011-11-27T18:48:23Z,2025-03-12T10:33:11Z,16778,0
java8-tutorial,{'login': 'winterbe'},2014-03-16T17:25:43Z,2025-03-14T17:20:37Z,16770,0
zheng,{'login': 'shuzheng'},2016-10-04T10:07:06Z,2025-03-15T12:57:35Z,16712,0
mybatis-plus,{'login': 'baomidou'},2016-08-18T10:06:53Z,2025-03-15T15:31:34Z,16711,34
material-components-android,{'login': 'material-components'},2016-12-05T16:11:29Z,2025-03-15T16:56:36Z,16613,102
kestra,{'login': 'kestra-io'},2019-08-24T13:56:15Z,2025-03-15T18:23:10Z,16474,202
Grasscutter,{'login': 'Grasscutters'},2022-04-17T12:43:46Z,2025-03-15T12:03:25Z,16474,20
springboot-learning-example,{'login': 'JeffLi1993'},2017-02-06T07:02:25Z,2025-03-15T09:53:32Z,16442,0
caffeine,{'login': 'ben-manes'},2014-12-13T08:45:11Z,2025-03-15T03:14:19Z,16375,69
DataX,{'login': 'alibaba'},2018-01-18T10:09:47Z,2025-03-15T04:18:53Z,16290,7
BigData-Notes,{'login': 'heibaiying'},2019-03-10T01:40:01Z,2025-03-15T16:10:43Z,16257,0
presto,{'login': 'prestodb'},2012-08-09T01:03:37Z,2025-03-15T19:05:48Z,16247,0
Ehviewer_CN_SXJ,{'login': 'xiaojieonly'},2020-11-09T06:14:31Z,2025-03-15T17:38:30Z,16173,99
SpringBoot-Learning,{'login': 'dyc87112'},2016-08-21T03:39:06Z,2025-03-15T05:33:54Z,15769,0
VirtualXposed,{'login': 'android-hacker'},2017-12-01T09:00:58Z,2025-03-15T15:51:21Z,15621,50
Android-CleanArchitecture,{'login': 'android10'},2014-08-19T14:09:26Z,2025-03-15T15:09:12Z,15532,0
tech-interview-for-developer,{'login': 'gyoogle'},2019-06-09T04:42:57Z,2025-03-15T18:00:02Z,15440,0
mockito,{'login': 'mockito'},2012-10-13T20:27:12Z,2025-03-15T19:27:15Z,15063,219
hadoop,{'login': 'apache'},2014-08-28T07:00:08Z,2025-03-15T09:31:16Z,14979,0
questdb,{'login': 'questdb'},2014-04-28T23:29:15Z,2025-03-15T17:39:53Z,14978,84
bytecode-viewer,{'login': 'Konloch'},2014-10-14T10:26:46Z,2025-03-14T11:23:48Z,14897,60
flink-learning,{'login': 'zhisheng17'},2019-01-01T07:38:28Z,2025-03-15T09:07:03Z,14690,0
CircleImageView,{'login': 'hdodenhof'},2014-01-17T16:44:46Z,2025-03-14T03:10:54Z,14543,0
pulsar,{'login': 'apache'},2016-06-28T07:00:03Z,2025-03-15T13:25:35Z,14495,102
ARouter,{'login': 'alibaba'},2016-12-14T01:27:49Z,2025-03-12T17:34:19Z,14474,16
QMUI_Android,{'login': 'Tencent'},2017-04-21T10:03:18Z,2025-03-14T16:29:22Z,14473,35
vert.x,{'login': 'eclipse-vertx'},2011-06-17T14:54:55Z,2025-03-15T13:58:49Z,14424,0
logstash,{'login': 'elastic'},2010-11-18T01:31:50Z,2025-03-14T21:50:49Z,14378,174
jd-gui,{'login': 'java-decompiler'},2015-03-25T05:28:41Z,2025-03-15T14:20:04Z,14370,18
Arduino,{'login': 'arduino'},2010-09-17T19:10:36Z,2025-03-15T17:08:51Z,14277,37
quarkus,{'login': 'quarkusio'},2018-07-06T00:44:20Z,2025-03-15T17:06:39Z,14214,368
neo4j,{'login': 'neo4j'},2012-11-12T08:46:15Z,2025-03-15T13:43:23Z,13956,72
supertokens-core,{'login': 'supertokens'},2020-01-05T13:30:52Z,2025-03-15T12:11:12Z,13931,82
deeplearning4j,{'login': 'deeplearning4j'},2013-11-27T02:03:28Z,2025-03-14T10:27:58Z,13858,0
logger,{'login': 'orhanobut'},2015-03-20T22:30:12Z,2025-03-14T03:11:42Z,13848,16
jib,{'login': 'GoogleContainerTools'},2018-01-22T18:30:43Z,2025-03-15T05:21:04Z,13830,164
onedev,{'login': 'theonedev'},2018-11-06T02:57:01Z,2025-03-15T19:37:48Z,13771,390
zuul,{'login': 'Netflix'},2013-03-13T18:53:57Z,2025-03-15T15:47:40Z,13647,15
druid,{'login': 'apache'},2012-10-23T19:08:07Z,2025-03-15T05:59:11Z,13637,64
Luban,{'login': 'Curzibn'},2016-07-24T07:43:21Z,2025-03-15T10:48:37Z,13627,6
spring-analysis,{'login': 'seaswalker'},2016-09-09T07:46:32Z,2025-03-15T15:07:18Z,13604,0
AndroidAutoSize,{'login': 'JessYanCoding'},2018-08-17T09:04:19Z,2025-03-14T21:17:19Z,13583,14
pinpoint,{'login': 'pinpoint-apm'},2014-10-20T09:27:22Z,2025-03-15T19:10:55Z,13539,59
tink,{'login': 'tink-crypto'},2014-06-06T16:21:09Z,2025-03-11T08:44:59Z,13521,21
Material-Animations,{'login': 'lgvalle'},2015-03-08T20:54:00Z,2025-03-14T12:43:30Z,13512,0
Android-PickerView,{'login': 'Bigkoo'},2014-12-28T01:46:38Z,2025-03-13T01:59:37Z,13470,0
piggymetrics,{'login': 'sqshq'},2015-03-29T17:56:31Z,2025-03-15T15:54:25Z,13410,2
PictureSelector,{'login': 'LuckSiege'},2017-01-04T07:47:39Z,2025-03-15T12:23:25Z,13402,116
doris,{'login': 'apache'},2017-08-10T12:13:30Z,2025-03-15T08:04:31Z,13322,64
dolphinscheduler,{'login': 'apache'},2019-03-01T16:39:25Z,2025-03-15T00:32:01Z,13321,52
zaproxy,{'login': 'zaproxy'},2015-06-03T16:55:01Z,2025-03-15T16:36:20Z,13309,9
mit-deep-learning-book-pdf,{'login': 'janishar'},2017-04-07T10:46:50Z,2025-03-15T18:11:59Z,13198,3
Java,{'login': 'DuGuQiuBai'},2015-11-25T07:30:08Z,2025-03-15T11:44:22Z,13188,0
mall-learning,{'login': 'macrozheng'},2019-04-12T13:20:31Z,2025-03-15T13:58:59Z,13085,0
lombok,{'login': 'projectlombok'},2009-06-08T19:46:41Z,2025-03-15T08:11:57Z,13062,0
banner,{'login': 'youth5201314'},2016-04-22T05:50:25Z,2025-03-15T06:24:05Z,12968,0
languagetool,{'login': 'languagetool-org'},2013-08-08T16:37:22Z,2025-03-15T19:34:11Z,12877,0
conductor,{'login': 'Netflix'},2016-12-07T22:48:42Z,2025-03-15T04:50:34Z,12790,319
stetho,{'login': 'facebook'},2015-01-22T22:34:10Z,2025-03-15T03:43:27Z,12693,13
greenDAO,{'login': 'greenrobot'},2011-10-22T16:15:14Z,2025-03-14T03:12:14Z,12624,8
dex2jar,{'login': 'pxb1988'},2015-03-16T09:13:07Z,2025-03-15T15:44:35Z,12585,8
guice,{'login': 'google'},2014-05-28T23:18:53Z,2025-03-13T21:34:02Z,12579,19
Matisse,{'login': 'zhihu'},2017-04-13T01:31:05Z,2025-03-14T17:41:59Z,12547,15
cryptomator,{'login': 'cryptomator'},2014-02-02T00:43:47Z,2025-03-15T17:13:27Z,12520,183
eureka,{'login': 'Netflix'},2012-07-26T22:23:07Z,2025-03-14T08:54:24Z,12502,150
spring-boot-admin,{'login': 'codecentric'},2014-07-25T11:39:13Z,2025-03-15T07:07:28Z,12496,131
AndroidViewAnimations,{'login': 'daimajia'},2014-06-23T03:53:13Z,2025-03-14T03:12:22Z,12453,9
zookeeper,{'login': 'apache'},2009-03-27T15:41:56Z,2025-03-15T15:48:27Z,12410,0
AndroidSwipeLayout,{'login': 'daimajia'},2014-08-25T04:09:33Z,2025-03-13T12:03:50Z,12399,18
Mybatis-PageHelper,{'login': 'pagehelper'},2014-06-09T15:32:30Z,2025-03-15T15:11:45Z,12281,14
COLA,{'login': 'alibaba'},2018-02-06T13:46:27Z,2025-03-15T13:00:28Z,12279,11
mall-swarm,{'login': 'macrozheng'},2019-11-25T06:55:31Z,2025-03-15T14:28:17Z,12184,3
jedis,{'login': 'redis'},2010-06-11T13:04:43Z,2025-03-15T09:46:02Z,11990,109
uCrop,{'login': 'Yalantis'},2016-01-05T13:41:06Z,2025-03-14T02:18:31Z,11958,18
metersphere,{'login': 'metersphere'},2020-02-03T02:06:12Z,2025-03-15T12:28:28Z,11894,175
VasSonic,{'login': 'Tencent'},2017-08-01T08:35:13Z,2025-03-15T15:43:50Z,11848,10
matrix,{'login': 'Tencent'},2018-12-11T07:08:02Z,2025-03-15T16:29:17Z,11761,16
android-interview-questions,{'login': 'amitshekhariitbhu'},2017-07-09T18:47:24Z,2025-03-15T05:57:49Z,11716,0
grpc-java,{'login': 'grpc'},2014-12-08T19:00:00Z,2025-03-14T23:54:39Z,11637,176
fullstack-tutorial,{'login': 'frank-lam'},2018-04-13T01:50:10Z,2025-03-15T15:43:56Z,11626,0
webmagic,{'login': 'code4craft'},2013-04-23T12:57:36Z,2025-03-13T06:58:06Z,11516,33
realm-java,{'login': 'realm'},2012-04-20T09:18:42Z,2025-03-14T14:15:03Z,11485,0
CtCI-6th-Edition,{'login': 'careercup'},2015-07-02T06:28:46Z,2025-03-14T22:18:18Z,11401,0
ImmersionBar,{'login': 'gyf-dev'},2017-04-19T05:10:09Z,2025-03-13T06:19:52Z,11375,0
kkFileView,{'login': 'kekingcn'},2017-12-12T11:41:08Z,2025-03-15T15:08:23Z,11264,16
newbee-mall,{'login': 'newbee-ltd'},2019-09-21T03:56:04Z,2025-03-15T11:37:56Z,11263,0
xManager,{'login': 'Team-xManager'},2021-02-08T11:31:10Z,2025-03-15T19:03:12Z,11244,50
PermissionsDispatcher,{'login': 'permissions-dispatcher'},2015-08-15T21:41:05Z,2025-03-14T03:12:37Z,11228,40
OpenRefine,{'login': 'OpenRefine'},2012-10-15T02:22:48Z,2025-03-15T17:18:22Z,11185,68
debezium,{'login': 'debezium'},2016-01-22T20:17:05Z,2025-03-15T11:33:39Z,11176,0
interview,{'login': 'mission-peace'},2014-07-20T21:27:31Z,2025-03-15T04:49:20Z,11137,0
plantuml,{'login': 'plantuml'},2010-11-04T15:55:50Z,2025-03-15T19:33:03Z,11109,53
FlycoTabLayout,{'login': 'H07000223'},2015-11-09T01:53:19Z,2025-03-15T11:55:47Z,11089,4
jsoup,{'login': 'jhy'},2009-12-19T01:29:58Z,2025-03-15T15:08:31Z,11081,17
FileDownloader,{'login': 'lingochamp'},2015-12-22T11:17:16Z,2025-03-13T11:48:05Z,11079,65
SlidingMenu,{'login': 'jfeinstein10'},2012-06-30T05:14:23Z,2025-03-13T03:58:36Z,11063,0
androidannotations,{'login': 'androidannotations'},2012-01-06T08:48:03Z,2025-03-09T17:35:44Z,11044,0
cas,{'login': 'apereo'},2011-09-09T01:36:42Z,2025-03-15T18:43:14Z,11040,289
SmarterStreaming,{'login': 'daniulive'},2016-03-26T14:46:02Z,2025-03-15T05:40:41Z,11016,0
trino,{'login': 'trinodb'},2019-01-19T06:38:14Z,2025-03-15T11:59:58Z,10989,0
javapoet,{'login': 'square'},2013-02-01T16:56:30Z,2025-03-15T05:27:58Z,10853,0
vlayout,{'login': 'alibaba'},2017-02-27T08:11:47Z,2025-03-11T14:53:13Z,10790,34
platform_frameworks_base,{'login': 'aosp-mirror'},2008-10-21T18:20:37Z,2025-03-15T04:48:45Z,10705,0
jvm,{'login': 'doocs'},2018-06-23T01:12:59Z,2025-03-15T15:08:05Z,10652,0
android-async-http,{'login': 'android-async-http'},2011-02-20T03:25:07Z,2025-03-13T04:04:40Z,10633,3
Paper,{'login': 'PaperMC'},2016-01-22T05:40:19Z,2025-03-15T17:17:44Z,10626,0
Java-WebSocket,{'login': 'TooTallNate'},2010-01-20T23:33:04Z,2025-03-15T15:26:53Z,10617,19
okhttp-OkGo,{'login': 'jeasonlzy'},2016-01-15T10:35:24Z,2025-03-13T15:39:00Z,10610,14
clojure,{'login': 'clojure'},2010-06-29T20:03:33Z,2025-03-15T02:24:28Z,10571,0
jjwt,{'login': 'jwtk'},2014-09-13T01:06:24Z,2025-03-14T19:18:20Z,10540,7
pkl,{'login': 'apple'},2024-01-19T17:28:45Z,2025-03-15T10:59:48Z,10538,13
auto,{'login': 'google'},2013-05-22T21:41:56Z,2025-03-15T14:21:03Z,10489,66
JiaoZiVideoPlayer,{'login': 'lipangit'},2016-02-06T11:04:24Z,2025-03-12T14:52:37Z,10486,78
RxPermissions,{'login': 'tbruyelle'},2015-09-29T13:55:09Z,2025-03-14T03:12:56Z,10482,11
VirtualApp,{'login': 'asLody'},2016-07-06T13:25:23Z,2025-03-15T16:43:07Z,10444,0
kafka-ui,{'login': 'provectus'},2019-11-26T15:55:55Z,2025-03-15T14:21:30Z,10440,25
datahub,{'login': 'datahub-project'},2015-11-18T05:47:40Z,2025-03-15T15:23:34Z,10407,96
OpenSearch,{'login': 'opensearch-project'},2021-01-29T22:10:00Z,2025-03-15T19:25:38Z,10355,52
MVPArms,{'login': 'JessYanCoding'},2016-08-06T08:49:56Z,2025-03-14T05:49:31Z,10280,25
Activiti,{'login': 'Activiti'},2012-09-13T11:34:43Z,2025-03-15T08:00:42Z,10267,1000
ViewPagerIndicator,{'login': 'JakeWharton'},2011-08-04T17:13:44Z,2025-03-04T02:39:48Z,10123,0
resilience4j,{'login': 'resilience4j'},2015-06-03T09:21:01Z,2025-03-15T03:29:27Z,10034,35
lawnchair,{'login': 'LawnchairLauncher'},2017-03-03T13:12:58Z,2025-03-15T17:13:49Z,9962,29
Aegis,{'login': 'beemdevelopment'},2016-08-15T19:10:31Z,2025-03-15T18:55:43Z,9939,69
zfile,{'login': 'zfile-dev'},2019-08-19T13:57:56Z,2025-03-15T19:04:23Z,9925,61
glide-transformations,{'login': 'wasabeef'},2015-01-09T10:33:29Z,2025-03-14T07:22:15Z,9917,0
easypermissions,{'login': 'googlesamples'},2015-12-22T18:05:53Z,2025-03-14T03:15:30Z,9893,12
aws-doc-sdk-examples,{'login': 'awsdocs'},2016-08-18T19:06:57Z,2025-03-15T16:43:56Z,9877,0
paascloud-master,{'login': 'paascloud'},2018-03-17T05:40:43Z,2025-03-15T17:31:45Z,9869,0
spider-flow,{'login': 'ssssssss-team'},2020-03-27T11:07:15Z,2025-03-15T06:33:31Z,9848,2
JsBridge,{'login': 'uknownothingsnow'},2015-02-26T12:10:58Z,2025-03-15T12:50:12Z,9823,0
CoreNLP,{'login': 'stanfordnlp'},2013-06-27T21:13:49Z,2025-03-15T18:30:31Z,9816,17
MagicIndicator,{'login': 'hackware1993'},2016-06-26T08:20:43Z,2025-03-12T01:58:53Z,9765,12
AVLoadingIndicatorView,{'login': 'HarlonWang'},2015-10-24T20:18:33Z,2025-03-14T17:07:39Z,9753,1
Fragmentation,{'login': 'YoKeyword'},2016-02-23T08:54:55Z,2025-03-14T12:43:30Z,9726,30
starrocks,{'login': 'StarRocks'},2021-09-04T02:29:35Z,2025-03-15T14:36:42Z,9687,133
spark,{'login': 'perwendel'},2011-05-05T11:52:05Z,2025-03-15T08:05:18Z,9652,0
Android-ObservableScrollView,{'login': 'ksoichiro'},2014-11-08T14:45:20Z,2025-03-14T03:15:42Z,9650,0
react-native-camera,{'login': 'react-native-camera'},2015-04-01T00:54:40Z,2025-03-11T14:17:57Z,9648,144
spring-boot-api-project-seed,{'login': 'lihengming'},2017-06-23T10:06:30Z,2025-03-15T14:46:03Z,9623,4
feign,{'login': 'OpenFeign'},2013-06-26T23:28:16Z,2025-03-14T09:26:15Z,9611,38
android-Ultra-Pull-To-Refresh,{'login': 'liaohuqiu'},2014-11-13T03:13:10Z,2025-03-07T05:22:47Z,9581,8
android-gif-drawable,{'login': 'koral--'},2013-01-30T01:37:46Z,2025-03-13T12:32:35Z,9578,61
DanmakuFlameMaster,{'login': 'bilibili'},2013-08-11T12:18:50Z,2025-03-14T03:15:43Z,9569,5
GmsCore,{'login': 'microg'},2014-04-23T19:28:47Z,2025-03-15T17:14:50Z,9542,38
Mycat-Server,{'login': 'MyCATApache'},2014-12-04T02:46:54Z,2025-03-15T14:11:01Z,9540,7
AndroidSlidingUpPanel,{'login': 'umano'},2013-05-31T18:33:53Z,2025-03-13T07:31:05Z,9511,8
Signal-Server,{'login': 'signalapp'},2013-12-09T07:10:36Z,2025-03-15T17:27:30Z,9423,0
sonarqube,{'login': 'SonarSource'},2011-01-05T11:05:17Z,2025-03-15T15:44:01Z,9395,59
PocketHub,{'login': 'pockethub'},2011-09-08T16:52:50Z,2025-03-14T05:53:16Z,9387,1
cim,{'login': 'crossoverJie'},2018-05-20T15:55:56Z,2025-03-13T15:20:16Z,9376,8
AgentWeb,{'login': 'Justson'},2017-05-12T07:45:56Z,2025-03-14T07:44:03Z,9305,21
spring-reading,{'login': 'xuchengsheng'},2023-09-15T06:42:44Z,2025-03-15T12:14:45Z,9269,0
testing-samples,{'login': 'android'},2014-10-11T03:51:27Z,2025-03-14T18:36:11Z,9243,0
AndroidNote,{'login': 'GcsSloop'},2016-01-04T23:51:36Z,2025-03-15T17:45:24Z,9229,0
CalendarView,{'login': 'huanghaibin-dev'},2017-03-11T07:16:09Z,2025-03-14T10:10:07Z,9218,1
cassandra,{'login': 'apache'},2009-05-21T02:10:09Z,2025-03-15T16:22:07Z,9080,0
android-gpuimage,{'login': 'cats-oss'},2012-10-04T08:11:58Z,2025-03-15T03:43:23Z,9067,0
JsonPath,{'login': 'json-path'},2011-01-24T13:19:19Z,2025-03-15T08:23:15Z,9061,10
spring-security,{'login': 'spring-projects'},2012-01-10T21:50:57Z,2025-03-15T14:06:33Z,9017,210
VirtualAPK,{'login': 'didi'},2017-06-29T07:25:05Z,2025-03-14T03:15:54Z,9016,4
MaterialDesignLibrary,{'login': 'navasmdc'},2014-09-30T07:37:17Z,2025-03-02T14:37:44Z,8985,3
EhViewer,{'login': 'seven332'},2014-05-14T12:03:52Z,2025-03-15T19:17:39Z,8963,97
Jetpack-MVVM-Best-Practice,{'login': 'KunMinX'},2019-10-31T05:21:01Z,2025-03-15T02:17:01Z,8906,0
storm,{'login': 'nathanmarz'},2011-09-17T07:55:13Z,2025-03-13T04:05:46Z,8820,0
StatusBarUtil,{'login': 'laobie'},2016-02-15T03:06:06Z,2025-03-05T02:15:18Z,8807,0
awesome-leetcode-resources,{'login': 'ashishps1'},2023-10-25T01:48:19Z,2025-03-15T19:32:22Z,8795,0
Android_Data,{'login': 'Freelander'},2015-04-04T01:37:44Z,2025-03-13T12:25:01Z,8772,0
awesome-java-leetcode,{'login': 'Blankj'},2017-04-17T15:51:41Z,2025-03-14T14:42:17Z,8704,0
Android-PullToRefresh,{'login': 'chrisbanes'},2011-11-29T09:59:56Z,2025-03-08T02:17:34Z,8700,0
Android-SpinKit,{'login': 'ybq'},2016-03-20T08:40:51Z,2025-03-14T03:16:07Z,8650,0
jna,{'login': 'java-native-access'},2011-04-29T13:30:29Z,2025-03-15T00:21:40Z,8647,0
jmeter,{'login': 'apache'},2010-05-26T23:38:07Z,2025-03-15T18:53:25Z,8629,10
flyway,{'login': 'flyway'},2012-12-14T18:43:22Z,2025-03-15T12:59:55Z,8596,244
Calligraphy,{'login': 'chrisjenx'},2013-12-20T02:35:45Z,2025-03-07T10:16:01Z,8583,4
AndResGuard,{'login': 'shwenzhang'},2015-10-11T11:48:06Z,2025-03-14T03:16:12Z,8581,4
buck,{'login': 'facebook'},2013-04-17T18:12:18Z,2025-03-15T09:34:27Z,8559,57
shenyu,{'login': 'apache'},2018-07-11T08:17:45Z,2025-03-15T17:39:23Z,8549,11
epoxy,{'login': 'airbnb'},2016-08-08T23:05:11Z,2025-03-11T05:47:01Z,8537,76
junit4,{'login': 'junit-team'},2009-01-13T03:41:26Z,2025-03-15T06:12:38Z,8529,13
react-native-image-picker,{'login': 'react-native-image-picker'},2015-06-08T20:25:31Z,2025-03-15T12:39:24Z,8524,141
dropwizard,{'login': 'dropwizard'},2011-01-19T19:52:29Z,2025-03-15T14:44:45Z,8524,176
checkstyle,{'login': 'checkstyle'},2013-08-31T02:05:05Z,2025-03-15T16:22:42Z,8514,159
karate,{'login': 'karatelabs'},2017-02-07T15:59:17Z,2025-03-15T16:03:43Z,8484,54
Android-Debug-Database,{'login': 'amitshekhariitbhu'},2016-11-16T14:20:24Z,2025-03-13T09:03:47Z,8463,14
BottomBar,{'login': 'roughike'},2016-03-16T01:31:05Z,2025-03-15T01:57:23Z,8408,4
hsweb-framework,{'login': 'hs-web'},2016-01-18T03:51:39Z,2025-03-14T13:25:33Z,8364,28
tsunami-security-scanner,{'login': 'google'},2020-06-03T16:20:00Z,2025-03-13T09:21:39Z,8355,25
seatunnel,{'login': 'apache'},2017-08-05T09:14:47Z,2025-03-15T11:45:56Z,8344,49
flowable-engine,{'login': 'flowable'},2016-10-13T07:21:43Z,2025-03-15T16:44:48Z,8289,27
AndroidPdfViewer,{'login': 'DImuthuUpe'},2016-06-02T20:21:21Z,2025-03-14T01:12:08Z,8259,0
shardingsphere-elasticjob,{'login': 'apache'},2015-09-11T11:28:52Z,2025-03-13T07:45:48Z,8175,30
testcontainers-java,{'login': 'testcontainers'},2015-04-12T12:44:59Z,2025-03-14T14:18:49Z,8156,81
atlas,{'login': 'alibaba'},2017-02-28T06:31:43Z,2025-03-14T02:13:16Z,8140,7
MaterialViewPager,{'login': 'florent37'},2015-04-24T17:53:15Z,2025-03-15T10:28:40Z,8119,11
LitePal,{'login': 'guolindev'},2013-02-20T03:20:07Z,2025-03-14T03:16:18Z,8109,0
im-server,{'login': 'wildfirechat'},2019-01-23T15:21:28Z,2025-03-15T15:47:25Z,8093,103
otter,{'login': 'alibaba'},2013-08-09T09:31:22Z,2025-03-14T02:17:48Z,8090,10
beam,{'login': 'apache'},2016-02-02T08:00:06Z,2025-03-15T15:56:46Z,8039,48
xpipe,{'login': 'xpipe-io'},2023-01-27T02:25:38Z,2025-03-15T19:45:24Z,8038,95
ysoserial,{'login': 'frohoff'},2015-01-28T07:13:55Z,2025-03-15T14:16:27Z,8028,1
SimianArmy,{'login': 'Netflix'},2012-07-06T22:00:05Z,2025-03-08T05:01:27Z,7982,4
subsampling-scale-image-view,{'login': 'davemorrissey'},2013-08-26T16:45:25Z,2025-03-13T19:27:37Z,7938,21
hugo,{'login': 'JakeWharton'},2013-11-25T09:16:40Z,2025-03-11T02:56:24Z,7922,0
pentaho-kettle,{'login': 'pentaho'},2013-10-08T18:27:11Z,2025-03-14T10:25:38Z,7918,1
transmittable-thread-local,{'login': 'alibaba'},2013-10-13T08:48:33Z,2025-03-15T12:59:01Z,7874,58
UltimateAndroidReference,{'login': 'aritraroy'},2017-04-10T07:28:27Z,2025-03-15T07:48:42Z,7866,0
XPopup,{'login': 'junixapp'},2018-12-07T06:16:48Z,2025-03-14T12:43:31Z,7857,221
HomeMirror,{'login': 'HannahMitt'},2015-08-23T03:20:08Z,2025-03-03T20:47:38Z,7852,0
metrics,{'login': 'dropwizard'},2010-02-26T19:44:42Z,2025-03-15T15:23:02Z,7842,125
material-theme-jetbrains,{'login': 'ChrisRM'},2015-09-23T07:15:04Z,2025-03-05T08:18:40Z,7805,17
LSPatch,{'login': 'LSPosed'},2021-03-01T19:38:36Z,2025-03-15T19:37:41Z,7770,9
tomcat,{'login': 'apache'},2011-10-01T07:00:19Z,2025-03-15T14:38:53Z,7745,0
javacv,{'login': 'bytedeco'},2014-04-21T13:50:26Z,2025-03-15T04:39:51Z,7716,12
RxLifecycle,{'login': 'trello-archive'},2015-07-20T13:32:23Z,2025-03-14T03:16:26Z,7703,22
react-native-svg,{'login': 'software-mansion'},2016-01-17T14:29:21Z,2025-03-15T08:56:11Z,7659,121
vjtools,{'login': 'vipshop'},2018-05-29T09:07:08Z,2025-03-10T09:32:10Z,7651,9
MVVMHabit,{'login': 'goldze'},2017-07-21T10:38:40Z,2025-03-14T03:16:29Z,7644,3
aeron,{'login': 'aeron-io'},2014-02-07T17:16:58Z,2025-03-15T14:14:52Z,7626,116
graylog2-server,{'login': 'Graylog2'},2010-05-17T21:27:02Z,2025-03-15T11:58:24Z,7592,0
MyBookshelf,{'login': 'gedoor'},2018-06-12T03:48:07Z,2025-03-15T08:52:00Z,7589,165
baritone,{'login': 'cabaletta'},2018-08-01T15:34:21Z,2025-03-15T18:54:53Z,7576,78
android-classyshark,{'login': 'google'},2015-10-12T13:40:48Z,2025-03-11T13:06:56Z,7562,17
Shadow,{'login': 'Tencent'},2019-06-13T10:50:27Z,2025-03-15T09:58:52Z,7548,5
RxJava-Android-Samples,{'login': 'kaushikgopal'},2014-07-23T05:13:52Z,2025-03-13T22:58:14Z,7538,0
AndroidAsync,{'login': 'koush'},2012-08-24T07:27:04Z,2025-03-07T08:36:33Z,7536,0
closure-compiler,{'login': 'google'},2014-04-16T15:30:36Z,2025-03-14T17:59:19Z,7482,0
PojavLauncher,{'login': 'PojavLauncherTeam'},2020-03-11T03:22:54Z,2025-03-15T19:08:18Z,7470,126
algs4,{'login': 'kevin-wayne'},2015-08-31T09:28:49Z,2025-03-15T16:23:17Z,7468,0
hellocharts-android,{'login': 'lecho'},2014-10-12T09:12:37Z,2025-03-14T03:16:51Z,7444,14
SDE-Interview-Questions,{'login': 'twowaits'},2017-10-25T11:08:52Z,2025-03-15T12:44:10Z,7438,1
LeetCode,{'login': 'yuanguangxin'},2020-01-11T01:02:02Z,2025-03-13T01:32:09Z,7418,0
swagger-core,{'login': 'swagger-api'},2011-07-05T23:44:11Z,2025-03-15T12:33:18Z,7416,112
PowerJob,{'login': 'PowerJob'},2020-03-16T09:19:55Z,2025-03-15T07:02:32Z,7381,50
SpringCloud-Learning,{'login': 'dyc87112'},2016-08-21T03:39:52Z,2025-03-12T16:14:07Z,7372,0
VBlog,{'login': 'lenve'},2017-12-26T11:01:55Z,2025-03-15T08:31:51Z,7367,0
Mapper,{'login': 'abel533'},2014-11-21T11:02:10Z,2025-03-13T06:58:30Z,7365,8
ShortcutBadger,{'login': 'leolin310148'},2013-11-15T12:51:52Z,2025-03-14T20:58:28Z,7351,0
HMCL,{'login': 'HMCL-dev'},2015-06-22T08:06:03Z,2025-03-15T10:02:39Z,7350,234
RePlugin,{'login': 'Qihoo360'},2017-06-08T09:39:09Z,2025-03-14T06:37:44Z,7306,19
dagger,{'login': 'square'},2012-08-02T23:25:32Z,2025-03-15T15:23:11Z,7305,0
Android-Bootstrap,{'login': 'Bearded-Hen'},2013-11-01T15:36:17Z,2025-03-14T03:16:53Z,7279,5
mapstruct,{'login': 'mapstruct'},2012-05-28T12:42:42Z,2025-03-15T11:33:28Z,7269,35
sweet-alert-dialog,{'login': 'pedant'},2014-10-19T09:24:09Z,2025-03-14T03:16:54Z,7257,2
TakePhoto,{'login': 'crazycodeboy'},2015-08-04T02:05:32Z,2025-03-15T19:18:08Z,7242,15
UltimateRecyclerView,{'login': 'cymcsg'},2015-01-28T02:27:45Z,2025-03-12T10:13:57Z,7211,9
WeChatLuckyMoney,{'login': 'geeeeeeeeek'},2015-09-30T16:11:20Z,2025-03-13T06:57:38Z,7209,20
xmall,{'login': 'Exrick'},2017-07-28T01:49:49Z,2025-03-14T13:10:03Z,7198,0
gocd,{'login': 'gocd'},2013-12-13T05:26:16Z,2025-03-15T06:21:47Z,7197,84
agera,{'login': 'google'},2015-12-17T13:22:58Z,2025-03-07T16:09:03Z,7181,16
SmartTabLayout,{'login': 'ogaclejapan'},2015-02-14T11:25:51Z,2025-03-07T09:10:12Z,7092,0
ActionBarSherlock,{'login': 'JakeWharton'},2011-03-07T17:28:54Z,2025-03-07T12:26:58Z,7085,32
MinecraftForge,{'login': 'MinecraftForge'},2012-01-30T01:35:01Z,2025-03-15T12:59:29Z,7081,0
KnowStreaming,{'login': 'didi'},2020-03-19T05:13:51Z,2025-03-14T09:20:00Z,7051,23
LeetCode-Book,{'login': 'krahets'},2021-12-17T14:16:02Z,2025-03-15T15:02:29Z,7050,0
nanohttpd,{'login': 'NanoHttpd'},2012-08-10T21:52:42Z,2025-03-15T08:33:05Z,7043,3
Timber,{'login': 'naman14'},2015-06-12T16:43:55Z,2025-03-15T15:27:36Z,7031,5
iceberg,{'login': 'apache'},2018-11-19T16:26:46Z,2025-03-15T15:36:34Z,7023,26
elasticsearch-sql,{'login': 'NLPchina'},2014-08-24T14:26:31Z,2025-03-06T02:25:30Z,7008,261
alluxio,{'login': 'Alluxio'},2012-12-21T17:43:46Z,2025-03-15T16:02:26Z,6953,61
error-prone,{'login': 'google'},2014-08-21T23:26:50Z,2025-03-15T16:44:32Z,6942,52
rest-assured,{'login': 'rest-assured'},2010-10-21T08:35:43Z,2025-03-15T19:00:04Z,6925,0
DroidPlugin,{'login': 'DroidPluginTeam'},2015-08-27T11:14:57Z,2025-03-14T05:56:23Z,6918,2
netty-socketio,{'login': 'mrniko'},2012-01-12T11:43:49Z,2025-03-15T13:27:12Z,6910,18
okhttputils,{'login': 'hongyangAndroid'},2015-08-17T14:53:29Z,2025-03-13T06:24:20Z,6870,0
jvm-sandbox,{'login': 'alibaba'},2017-08-03T02:55:31Z,2025-03-15T02:54:31Z,6857,13
JavaTutorial,{'login': 'h2pl'},2018-05-01T15:57:21Z,2025-03-15T05:06:47Z,6849,1
jimureport,{'login': 'jeecgboot'},2019-12-05T12:25:59Z,2025-03-15T09:34:34Z,6845,25
walle,{'login': 'Meituan-Dianping'},2017-01-10T03:39:25Z,2025-03-13T03:35:56Z,6812,1
1brc,{'login': 'gunnarmorling'},2023-12-28T09:13:24Z,2025-03-15T12:08:14Z,6800,0
DependencyCheck,{'login': 'dependency-check'},2012-09-03T20:43:30Z,2025-03-15T06:58:04Z,6788,82
react-native-push-notification,{'login': 'zo0r'},2015-12-14T19:53:36Z,2025-03-11T13:53:40Z,6778,35
AntennaPod,{'login': 'AntennaPod'},2012-07-31T10:25:08Z,2025-03-15T10:17:15Z,6775,59
angel,{'login': 'Angel-ML'},2017-04-25T05:57:43Z,2025-03-14T03:51:24Z,6750,19
rabbitmq-tutorials,{'login': 'rabbitmq'},2010-09-21T11:41:26Z,2025-03-14T19:36:56Z,6727,0
mybatis-generator-gui,{'login': 'zouzg'},2016-05-08T22:39:39Z,2025-03-13T01:49:25Z,6700,16
AndroidPerformanceMonitor,{'login': 'markzhai'},2016-01-17T05:23:22Z,2025-03-12T09:02:41Z,6690,0
AndroidAutoLayout,{'login': 'hongyangAndroid'},2015-11-19T02:09:11Z,2025-03-14T01:02:58Z,6676,0
haven,{'login': 'guardianproject'},2017-03-01T03:20:03Z,2025-03-15T13:23:15Z,6668,37
gnirehtet,{'login': 'Genymobile'},2017-02-09T16:01:13Z,2025-03-15T19:47:24Z,6649,12
BookReader,{'login': 'smuyyh'},2016-08-03T05:17:27Z,2025-03-14T12:07:45Z,6644,0
springcloud-learning,{'login': 'macrozheng'},2019-09-07T02:36:16Z,2025-03-15T11:22:32Z,6642,0
AndPermission,{'login': 'yanzhenjie'},2016-09-11T05:17:34Z,2025-03-15T10:02:06Z,6632,0
wiremock,{'login': 'wiremock'},2011-10-09T20:27:24Z,2025-03-15T15:57:39Z,6629,49
springBoot,{'login': '527515025'},2016-11-07T02:13:31Z,2025-03-13T07:00:42Z,6623,0
storm,{'login': 'apache'},2013-11-05T08:00:14Z,2025-03-13T06:53:50Z,6612,3
AndroidPicker,{'login': 'gzu-liyujiang'},2015-10-21T14:21:16Z,2025-03-14T03:48:05Z,6594,57
Toasty,{'login': 'GrenderG'},2017-01-18T18:52:41Z,2025-03-13T13:26:18Z,6587,19
AndroidProject,{'login': 'getActivity'},2018-10-23T10:30:55Z,2025-03-15T08:13:37Z,6582,17
itstack-demo-design,{'login': 'fuzhengwei'},2020-05-20T13:45:30Z,2025-03-14T14:08:56Z,6564,0
junit5,{'login': 'junit-team'},2015-01-11T19:06:10Z,2025-03-15T14:09:40Z,6548,82
Leaf,{'login': 'Meituan-Dianping'},2018-12-11T07:41:35Z,2025-03-13T05:41:29Z,6544,0
ansj_seg,{'login': 'NLPchina'},2012-09-05T05:56:24Z,2025-03-13T03:38:36Z,6518,3
processing,{'login': 'processing'},2013-01-24T21:17:22Z,2025-03-09T10:07:38Z,6503,48
GoGoGo,{'login': 'ZCShou'},2021-12-03T06:59:39Z,2025-03-15T17:59:26Z,6474,7
zeppelin,{'login': 'apache'},2015-03-25T07:00:06Z,2025-03-14T10:15:30Z,6467,0
Android-skin-support,{'login': 'ximsfei'},2017-01-12T15:03:54Z,2025-03-15T12:57:55Z,6460,0
quartz,{'login': 'quartz-scheduler'},2016-03-07T14:05:37Z,2025-03-14T20:03:04Z,6436,5
RoundedImageView,{'login': 'vinc3m1'},2013-02-22T01:17:37Z,2025-03-11T05:46:18Z,6433,19
byte-buddy,{'login': 'raphw'},2013-11-25T19:38:03Z,2025-03-15T09:46:23Z,6427,299
Android-Image-Cropper,{'login': 'ArthurHub'},2015-01-15T10:49:37Z,2025-03-14T10:23:32Z,6422,32
smali,{'login': 'JesusFreke'},2012-09-23T19:51:16Z,2025-03-15T11:19:27Z,6411,0
Spring-Cloud-Platform,{'login': 'wxiaoqi'},2017-05-25T10:35:26Z,2025-03-12T00:34:38Z,6401,3
langchain4j,{'login': 'langchain4j'},2023-06-20T15:30:29Z,2025-03-15T17:34:36Z,6394,43
android-floating-action-button,{'login': 'zendesk'},2014-09-19T06:49:21Z,2025-03-15T00:07:05Z,6380,0
java-eight-part,{'login': 'CoderLeixiaoshuai'},2020-10-16T16:27:04Z,2025-03-15T15:05:25Z,6365,0
jOOQ,{'login': 'jOOQ'},2011-04-17T10:43:33Z,2025-03-14T14:54:12Z,6326,90
async-http-client,{'login': 'AsyncHttpClient'},2011-03-07T13:41:46Z,2025-03-14T17:51:58Z,6322,5
JFoenix,{'login': 'sshahine'},2015-09-08T14:04:24Z,2025-03-15T13:54:07Z,6312,0
remusic,{'login': 'aa112901'},2016-03-24T06:20:39Z,2025-03-15T07:55:36Z,6294,0
richeditor-android,{'login': 'wasabeef'},2015-03-30T16:19:20Z,2025-03-11T05:37:12Z,6287,0
ion,{'login': 'koush'},2013-05-22T07:41:23Z,2025-03-11T00:46:20Z,6282,0
jsonschema2pojo,{'login': 'joelittlejohn'},2013-06-22T22:28:53Z,2025-03-13T13:42:57Z,6279,63
Recaf,{'login': 'Col-E'},2017-07-27T06:01:10Z,2025-03-15T14:54:58Z,6272,169
hazelcast,{'login': 'hazelcast'},2012-03-21T12:25:18Z,2025-03-14T13:40:29Z,6265,200
from-java-to-kotlin,{'login': 'amitshekhariitbhu'},2017-05-21T11:56:27Z,2025-03-15T10:55:47Z,6252,0
config,{'login': 'lightbend'},2011-12-06T08:02:29Z,2025-03-13T21:16:43Z,6220,1
spring-cloud-examples,{'login': 'ityouknow'},2017-04-28T08:48:53Z,2025-03-14T08:55:01Z,6218,0
micronaut-core,{'login': 'micronaut-projects'},2018-03-07T12:05:08Z,2025-03-15T06:04:48Z,6186,278
pig,{'login': 'pig-mesh'},2019-08-26T03:24:53Z,2025-03-14T06:16:17Z,6177,19
graphql-java,{'login': 'graphql-java'},2015-07-06T06:52:20Z,2025-03-13T09:14:48Z,6159,82
CompreFace,{'login': 'exadel-inc'},2020-07-06T08:29:43Z,2025-03-15T08:46:10Z,6143,11
smile,{'login': 'haifengl'},2014-11-20T16:28:12Z,2025-03-15T17:51:13Z,6136,32
SwipeBackLayout,{'login': 'ikew0ng'},2013-08-25T03:36:12Z,2025-03-14T03:17:46Z,6123,0
grafika,{'login': 'google'},2013-12-19T18:36:53Z,2025-03-15T07:59:34Z,6114,1
hibernate-orm,{'login': 'hibernate'},2010-10-04T16:15:52Z,2025-03-15T13:57:52Z,6108,64
MaterialEditText,{'login': 'rengwuxian'},2014-10-30T10:07:23Z,2025-03-14T03:17:47Z,6103,19
NumberProgressBar,{'login': 'daimajia'},2014-05-01T08:54:25Z,2025-03-14T03:47:22Z,6090,3
hertzbeat,{'login': 'apache'},2022-02-04T14:48:56Z,2025-03-15T17:59:38Z,6060,22
gephi,{'login': 'gephi'},2011-10-22T03:14:46Z,2025-03-14T08:55:02Z,6050,19
vespa,{'login': 'vespa-engine'},2016-06-03T20:54:20Z,2025-03-15T19:24:11Z,6041,204
EffectiveAndroidUI,{'login': 'pedrovgs'},2014-07-04T08:42:20Z,2025-03-14T03:47:24Z,6025,0
dynamic-load-apk,{'login': 'singwhatiwanna'},2014-03-30T11:51:00Z,2025-02-28T15:44:47Z,6021,0
XXPermissions,{'login': 'getActivity'},2018-06-15T14:31:29Z,2025-03-15T04:13:00Z,6010,63
j2objc,{'login': 'google'},2014-01-30T20:19:56Z,2025-03-13T18:04:17Z,6008,0
material,{'login': 'rey5137'},2014-12-09T12:07:32Z,2025-03-02T14:41:08Z,5999,10
flink-cdc,{'login': 'apache'},2020-07-27T19:23:33Z,2025-03-15T00:43:01Z,5993,21
java-jwt,{'login': 'auth0'},2014-03-07T15:06:11Z,2025-03-15T18:58:35Z,5987,45
physical-web,{'login': 'google'},2014-09-30T18:32:14Z,2025-03-13T03:24:19Z,5987,17
xUtils3,{'login': 'wyouflf'},2015-10-28T10:56:04Z,2025-03-14T06:35:48Z,5984,9
incubator-kie-drools,{'login': 'apache'},2011-02-18T08:37:05Z,2025-03-15T10:29:40Z,5971,5
useful-java-links,{'login': 'Vedenin'},2016-02-13T13:14:52Z,2025-03-14T10:13:56Z,5958,0
ssm,{'login': 'liyifeng1994'},2016-06-18T17:58:56Z,2025-03-15T14:42:12Z,5947,0
robolectric,{'login': 'robolectric'},2010-08-28T00:28:25Z,2025-03-14T12:43:29Z,5942,105
springfox,{'login': 'springfox'},2012-05-06T06:38:57Z,2025-03-14T14:18:57Z,5937,12
androidmvp,{'login': 'antoniolg'},2014-04-02T05:42:20Z,2025-03-14T03:47:32Z,5927,0
material-calendarview,{'login': 'prolificinteractive'},2015-02-09T22:31:56Z,2025-03-11T13:48:09Z,5922,22
SoloPi,{'login': 'alipay'},2019-03-14T15:32:49Z,2025-03-15T15:22:10Z,5900,8
motan,{'login': 'weibocom'},2016-04-20T10:56:17Z,2025-03-08T10:50:05Z,5887,26
mini-spring,{'login': 'DerekYRC'},2020-11-17T11:59:18Z,2025-03-15T09:21:18Z,5884,0
SpringBootVulExploit,{'login': 'LandGrey'},2020-05-20T09:18:44Z,2025-03-13T07:48:41Z,5880,0
vavr,{'login': 'vavr-io'},2014-01-30T14:07:25Z,2025-03-15T18:52:19Z,5870,18
btrace,{'login': 'btraceio'},2014-08-28T18:58:24Z,2025-03-14T13:04:01Z,5870,33
blade,{'login': 'lets-blade'},2015-06-10T03:35:49Z,2025-03-14T09:00:25Z,5862,9
zxing-android-embedded,{'login': 'journeyapps'},2012-11-28T16:36:39Z,2025-03-14T10:52:19Z,5820,9
jetlinks-community,{'login': 'jetlinks'},2020-01-02T07:27:34Z,2025-03-15T10:56:23Z,5817,19
BoomMenu,{'login': 'Nightonke'},2016-03-19T12:04:12Z,2025-03-07T10:30:40Z,5802,0
DiscreteScrollView,{'login': 'yarolegovich'},2017-03-03T23:38:54Z,2025-03-10T09:30:58Z,5787,2
DiskLruCache,{'login': 'JakeWharton'},2012-01-05T00:36:34Z,2025-03-15T11:08:11Z,5786,0
tcc-transaction,{'login': 'changmingxie'},2015-12-05T04:27:53Z,2025-03-12T14:35:35Z,5785,8
circular-progress-button,{'login': 'dmytrodanylyk'},2014-06-07T12:58:48Z,2025-03-09T01:29:07Z,5769,3
camel,{'login': 'apache'},2009-05-21T00:25:36Z,2025-03-15T17:24:30Z,5765,0
Fast-Android-Networking,{'login': 'amitshekhariitbhu'},2016-03-21T18:35:44Z,2025-03-12T22:52:14Z,5761,10
kafdrop,{'login': 'obsidiandynamics'},2019-05-27T08:46:56Z,2025-03-14T14:26:38Z,5752,49
InfiniteCycleViewPager,{'login': 'Devlight'},2016-08-22T08:04:39Z,2025-03-08T05:01:52Z,5737,2
google-java-format,{'login': 'google'},2015-05-11T20:38:28Z,2025-03-11T17:38:49Z,5727,32
lanproxy,{'login': 'ffay'},2016-11-20T08:12:10Z,2025-03-12T07:38:44Z,5722,1
datax-web,{'login': 'WeiYe-Jing'},2019-11-19T01:09:05Z,2025-03-14T08:08:26Z,5716,5
FastHub,{'login': 'k0shk0sh'},2017-02-18T17:53:16Z,2025-03-14T03:47:33Z,5716,63
wvp-GB28181-pro,{'login': '648540858'},2020-11-14T14:16:37Z,2025-03-15T01:18:17Z,5712,0
aurora-imui,{'login': 'jpush'},2016-12-13T05:24:01Z,2025-03-05T02:37:59Z,5712,42
iotdb,{'login': 'apache'},2018-11-24T21:29:17Z,2025-03-15T13:36:59Z,5711,39
javaparser,{'login': 'javaparser'},2011-10-30T14:03:44Z,2025-03-15T15:57:50Z,5710,53
springside4,{'login': 'springside'},2012-02-23T08:39:03Z,2025-03-13T03:59:33Z,5699,3
Discovery,{'login': 'Nepxion'},2018-06-21T16:16:49Z,2025-03-14T01:15:19Z,5697,130
traccar,{'login': 'traccar'},2012-04-16T08:33:49Z,2025-03-15T15:58:29Z,5694,55
hippo4j,{'login': 'opengoofy'},2021-06-16T02:59:48Z,2025-03-15T12:19:05Z,5694,18
hudi,{'login': 'apache'},2016-12-14T15:53:41Z,2025-03-15T09:33:21Z,5690,30
SwipeRecyclerView,{'login': 'yanzhenjie'},2016-08-03T15:43:34Z,2025-03-13T08:27:44Z,5679,0
u2020,{'login': 'JakeWharton'},2013-11-14T11:58:23Z,2025-03-14T03:47:35Z,5672,0
QR-Code-generator,{'login': 'nayuki'},2016-04-15T02:19:41Z,2025-03-15T03:36:14Z,5669,5
pinot,{'login': 'apache'},2014-05-19T23:27:48Z,2025-03-15T16:22:58Z,5668,20
graphhopper,{'login': 'graphhopper'},2012-02-18T19:57:38Z,2025-03-15T11:02:49Z,5663,45
hive,{'login': 'apache'},2009-05-21T02:31:01Z,2025-03-15T10:34:31Z,5654,0
austin,{'login': 'ZhongFuCheng3y'},2021-11-06T09:36:01Z,2025-03-15T13:25:31Z,5649,0
api-samples,{'login': 'youtube'},2013-12-09T18:41:41Z,2025-03-15T00:35:39Z,5642,0
react-native-splash-screen,{'login': 'crazycodeboy'},2016-09-14T10:43:55Z,2025-03-13T19:03:03Z,5638,12
IJPay,{'login': 'Javen205'},2017-05-02T03:15:32Z,2025-03-14T20:08:01Z,5637,24
HTextView,{'login': 'hanks-zyh'},2015-12-19T16:34:59Z,2025-03-11T07:51:23Z,5635,0
Blurry,{'login': 'wasabeef'},2015-07-23T14:12:08Z,2025-03-14T03:59:36Z,5629,0
AndroidImageSlider,{'login': 'daimajia'},2014-06-02T06:04:17Z,2025-03-11T08:23:39Z,5625,5
TV,{'login': 'FongMi'},2022-06-22T09:10:23Z,2025-03-15T12:49:04Z,5617,0
JSqlParser,{'login': 'JSQLParser'},2011-06-23T22:51:52Z,2025-03-15T16:51:59Z,5601,35
FlowLayout,{'login': 'hongyangAndroid'},2015-08-28T09:32:31Z,2025-03-11T06:23:17Z,5596,0
ShowcaseView,{'login': 'amlcurran'},2012-08-14T19:07:36Z,2025-03-07T08:52:45Z,5591,13
lamp-cloud,{'login': 'dromara'},2018-01-17T02:51:04Z,2025-03-14T08:23:18Z,5581,0
Android-ZBLibrary,{'login': 'TommyLemon'},2015-08-20T16:03:53Z,2025-03-15T17:47:38Z,5558,25
disconf,{'login': 'knightliao'},2014-05-30T09:39:27Z,2025-03-15T17:06:12Z,5553,12
ListViewAnimations,{'login': 'nhaarman'},2013-03-19T11:59:23Z,2025-03-14T03:47:37Z,5551,14
MusicBot,{'login': 'jagrosh'},2016-08-14T18:46:29Z,2025-03-15T03:49:45Z,5547,38
AppManager,{'login': 'MuntashirAkon'},2020-05-30T04:08:56Z,2025-03-15T12:21:41Z,5539,72
lettuce,{'login': 'redis'},2014-05-10T13:08:46Z,2025-03-15T16:50:54Z,5529,127
EdXposed,{'login': 'ElderDrivers'},2019-01-18T16:18:19Z,2025-03-15T06:15:13Z,5520,27
spring-boot-projects,{'login': 'ZHENFENG13'},2017-04-01T01:50:14Z,2025-03-15T09:39:25Z,5518,0
uid-generator,{'login': 'baidu'},2017-03-27T04:03:43Z,2025-03-10T06:35:23Z,5505,0
StickyListHeaders,{'login': 'emilsjolander'},2012-03-11T18:29:18Z,2025-03-07T13:14:45Z,5501,16
AmazeFileManager,{'login': 'TeamAmaze'},2014-07-14T19:47:53Z,2025-03-15T10:15:09Z,5492,66
mosby,{'login': 'sockeqwe'},2015-03-25T00:59:19Z,2025-03-14T03:47:40Z,5481,15
logisim-evolution,{'login': 'logisim-evolution'},2014-09-19T05:23:24Z,2025-03-15T19:36:01Z,5477,30
freeline,{'login': 'alibaba'},2016-08-03T17:22:52Z,2025-03-06T17:38:24Z,5472,22
MagicCamera,{'login': 'wuhaoyu1990'},2016-01-08T11:36:56Z,2025-03-06T08:54:08Z,5470,0
AndroidVideoCache,{'login': 'danikula'},2015-04-01T11:25:52Z,2025-03-12T01:34:02Z,5455,20
barcodescanner,{'login': 'dm77'},2014-02-24T21:14:09Z,2025-03-10T13:30:39Z,5454,6
scribejava,{'login': 'scribejava'},2010-09-05T19:11:40Z,2025-03-08T14:20:57Z,5452,9
janusgraph,{'login': 'JanusGraph'},2016-12-26T13:26:29Z,2025-03-15T10:11:22Z,5442,28
rebound,{'login': 'facebookarchive'},2013-10-11T01:12:37Z,2025-02-26T09:52:43Z,5422,10
TapTargetView,{'login': 'KeepSafe'},2016-09-11T09:07:36Z,2025-03-13T06:52:07Z,5420,24
wechat,{'login': 'motianhuo'},2015-05-25T02:33:37Z,2025-03-13T09:14:34Z,5411,0
dubbo-spring-boot-project,{'login': 'apache'},2018-01-18T12:10:50Z,2025-03-15T06:33:24Z,5409,13
linuxdeploy,{'login': 'meefik'},2012-08-21T04:49:14Z,2025-03-15T10:51:58Z,5408,37
jeepay,{'login': 'jeequan'},2017-08-12T02:40:32Z,2025-03-15T08:06:28Z,5391,0
FastBle,{'login': 'Jasonchenlijian'},2016-08-23T02:06:33Z,2025-03-15T06:51:36Z,5380,9
android-job,{'login': 'Evernote'},2015-08-20T19:36:54Z,2025-03-02T14:42:11Z,5369,31
socket.io-client-java,{'login': 'socketio'},2013-04-28T17:04:05Z,2025-03-11T05:33:34Z,5367,7
SystemBarTint,{'login': 'jgilfelt'},2013-11-17T12:35:05Z,2025-03-06T05:25:25Z,5360,3
cw-omnibus,{'login': 'commonsguy'},2012-03-12T14:12:06Z,2025-03-02T14:42:13Z,5352,36
shimmer-android,{'login': 'facebookarchive'},2015-02-27T22:25:22Z,2025-03-13T13:26:57Z,5340,5
XRecyclerView,{'login': 'XRecyclerView'},2015-11-18T08:14:22Z,2025-02-18T09:12:53Z,5336,0
android-advancedrecyclerview,{'login': 'h6ah4i'},2015-01-24T16:14:39Z,2025-03-11T11:49:05Z,5325,1
hbase,{'login': 'apache'},2014-05-23T07:00:07Z,2025-03-14T11:46:09Z,5305,45
generator,{'login': 'mybatis'},2013-02-10T11:14:50Z,2025-03-15T06:41:54Z,5298,11
jetcache,{'login': 'alibaba'},2017-04-12T07:48:23Z,2025-03-15T10:21:28Z,5292,66
gradle-retrolambda,{'login': 'evant'},2013-08-05T02:09:58Z,2025-03-15T02:06:41Z,5291,37
spring-data-examples,{'login': 'spring-projects'},2014-01-30T15:42:43Z,2025-03-14T07:52:11Z,5275,0
android-lifecycle,{'login': 'xxv'},2014-04-18T14:26:22Z,2025-03-03T19:52:55Z,5274,0
VitamioBundle,{'login': 'yixia'},2012-10-19T08:40:49Z,2025-03-07T14:04:08Z,5271,0
groovy,{'login': 'apache'},2015-04-16T07:00:05Z,2025-03-15T18:28:35Z,5264,0
google-authenticator,{'login': 'google'},2014-10-08T17:54:27Z,2025-03-10T15:45:47Z,5256,0
Android-Touch-Helper,{'login': 'zfdang'},2020-10-16T00:58:41Z,2025-03-14T13:11:28Z,5248,112
Side-Menu.Android,{'login': 'Yalantis'},2015-01-13T11:11:27Z,2025-03-13T08:13:12Z,5244,2
titan,{'login': 'thinkaurelius'},2012-02-25T22:53:53Z,2025-03-15T15:28:01Z,5243,0
thumbnailator,{'login': 'coobird'},2015-07-25T05:38:33Z,2025-03-14T07:44:51Z,5234,0
twoway-view,{'login': 'lucasr'},2013-01-18T20:55:23Z,2025-03-13T09:48:54Z,5230,0
Dexter,{'login': 'Karumi'},2015-11-17T13:14:43Z,2025-03-13T11:52:19Z,5222,33
FloatingActionButton,{'login': 'Clans'},2015-03-21T12:36:16Z,2025-03-11T06:03:22Z,5216,14
okdownload,{'login': 'lingochamp'},2017-12-17T08:21:22Z,2025-03-13T01:53:44Z,5214,8
BasePopup,{'login': 'razerdp'},2016-01-15T03:31:07Z,2025-03-13T08:59:16Z,5212,15
Pixiv-Shaft,{'login': 'CeuiLiSA'},2019-04-01T09:59:09Z,2025-03-15T14:57:44Z,5209,110
springboot-guide,{'login': 'CodingDocs'},2018-11-28T01:05:07Z,2025-03-12T05:50:28Z,5208,0
novel,{'login': '201206030'},2019-11-11T01:13:52Z,2025-03-15T02:38:34Z,5205,12
web3j,{'login': 'hyperledger-web3j'},2016-09-04T05:48:49Z,2025-03-15T14:00:31Z,5193,118
smartTable,{'login': 'huangyanbin'},2017-11-08T01:11:14Z,2025-03-12T06:55:53Z,5185,44
library,{'login': 'ddd-by-examples'},2019-01-11T09:14:03Z,2025-03-14T13:04:26Z,5170,0
JS-Sorting-Algorithm,{'login': 'hustcc'},2017-01-19T11:36:21Z,2025-03-11T09:51:38Z,5169,0
nifi,{'login': 'apache'},2014-12-12T08:00:05Z,2025-03-15T10:13:38Z,5162,0
otto,{'login': 'square'},2012-06-27T19:06:49Z,2025-03-02T03:39:42Z,5153,0
ctci,{'login': 'careercup'},2013-03-21T23:01:01Z,2025-03-13T19:20:10Z,5146,0
strimzi-kafka-operator,{'login': 'strimzi'},2016-05-06T08:52:33Z,2025-03-15T06:53:28Z,5141,146
DKVideoPlayer,{'login': 'Doikki'},2017-04-11T01:33:38Z,2025-03-14T10:32:34Z,5131,32
views-widgets-samples,{'login': 'android'},2019-09-06T21:39:12Z,2025-03-14T09:13:58Z,5108,0
dddsample-core,{'login': 'citerus'},2015-01-31T23:21:37Z,2025-03-14T06:04:57Z,5101,0
usb-serial-for-android,{'login': 'mik3y'},2013-06-30T23:17:45Z,2025-03-15T18:49:15Z,5069,33
shattered-pixel-dungeon,{'login': '00-Evan'},2014-07-31T21:56:31Z,2025-03-15T16:44:41Z,5063,50
bitcoinj,{'login': 'bitcoinj'},2013-11-19T04:33:23Z,2025-03-14T23:22:56Z,5058,14
keepass2android,{'login': 'PhilippC'},2017-09-20T18:42:02Z,2025-03-15T17:27:19Z,5057,29
reactor-core,{'login': 'reactor'},2015-11-10T10:06:40Z,2025-03-15T17:09:02Z,5056,197
Small,{'login': 'wequick'},2015-11-27T11:37:20Z,2025-03-14T19:37:21Z,5052,25
picocli,{'login': 'remkop'},2017-02-01T16:38:41Z,2025-03-13T17:00:50Z,5043,85
Luyten,{'login': 'deathmarine'},2013-07-11T10:57:28Z,2025-03-11T11:02:30Z,5036,17
opentsdb,{'login': 'OpenTSDB'},2010-08-27T02:05:20Z,2025-03-08T07:36:54Z,5029,27
android-common,{'login': 'Trinea'},2012-06-19T07:49:46Z,2025-02-27T13:44:08Z,5015,1
sodium,{'login': 'CaffeineMC'},2020-02-01T03:04:09Z,2025-03-15T00:05:39Z,5015,40
CameraView,{'login': 'natario1'},2017-07-18T09:30:33Z,2025-03-15T16:15:58Z,5013,42
YCSB,{'login': 'brianfrankcooper'},2010-04-19T20:52:11Z,2025-03-13T04:39:16Z,5013,55
sofa-boot,{'login': 'sofastack'},2018-04-02T08:28:14Z,2025-03-14T07:26:17Z,5012,80
android-zxingLibrary,{'login': 'yipianfengye'},2016-07-26T08:00:18Z,2025-03-14T16:50:50Z,5011,0
pmd,{'login': 'pmd'},2012-07-11T18:03:00Z,2025-03-15T15:04:02Z,5008,101
easy-rules,{'login': 'j-easy'},2013-03-10T14:38:26Z,2025-03-15T04:25:31Z,5008,10
GravitySnapHelper,{'login': 'rubensousa'},2016-08-31T07:25:23Z,2025-03-12T03:42:06Z,5006,14
MifareClassicTool,{'login': 'ikarus23'},2013-02-12T15:39:03Z,2025-03-15T07:18:53Z,4999,8
UltraViewPager,{'login': 'alibaba'},2017-03-29T13:31:53Z,2025-03-07T05:23:27Z,4997,10
dialogplus,{'login': 'orhanobut'},2014-12-12T09:24:44Z,2025-03-02T14:43:10Z,4994,9
shopping-management-system,{'login': 'zhanglei-workspace'},2015-11-16T12:53:21Z,2025-03-14T05:20:26Z,4993,0
joda-time,{'login': 'JodaOrg'},2011-05-16T16:49:57Z,2025-03-14T12:34:10Z,4985,49
LayoutManagerGroup,{'login': 'DingMouRen'},2018-04-28T11:47:38Z,2025-03-12T15:06:07Z,4985,0
QLExpress,{'login': 'alibaba'},2017-03-15T08:39:54Z,2025-03-14T12:55:48Z,4983,10
spring-mvc-showcase,{'login': 'spring-attic'},2011-06-03T15:36:55Z,2025-03-11T17:37:17Z,4982,0
InstaMaterial,{'login': 'frogermcs'},2014-11-10T18:56:49Z,2025-03-11T07:50:01Z,4980,1
TelegramBots,{'login': 'rubenlagus'},2016-01-14T00:13:07Z,2025-03-15T18:17:21Z,4978,105
XUI,{'login': 'xuexiangjys'},2019-01-07T07:59:02Z,2025-03-14T12:13:28Z,4975,23
JustTrustMe,{'login': 'Fuzion24'},2014-07-24T23:45:05Z,2025-03-13T11:33:45Z,4975,1
midjourney-proxy,{'login': 'novicezk'},2023-04-24T13:43:45Z,2025-03-15T14:48:59Z,4971,0
lwjgl3,{'login': 'LWJGL'},2012-12-23T15:40:04Z,2025-03-15T12:40:50Z,4965,21
CloudReader,{'login': 'youlookwhat'},2016-11-20T11:59:25Z,2025-03-11T08:56:41Z,4963,25
spring-authorization-server,{'login': 'spring-projects'},2020-03-17T17:28:57Z,2025-03-15T11:09:51Z,4957,68
NavigationTabBar,{'login': 'Devlight'},2016-03-29T08:59:27Z,2025-03-02T14:43:27Z,4949,13
mapdb,{'login': 'jankotek'},2012-08-17T15:28:54Z,2025-03-13T02:27:50Z,4949,0
RxJava2-Android-Samples,{'login': 'amitshekhariitbhu'},2016-08-27T08:21:37Z,2025-03-14T03:14:03Z,4949,0
gpmall,{'login': '2227324689'},2019-07-18T14:09:22Z,2025-03-15T01:57:19Z,4948,0
liquibase,{'login': 'liquibase'},2011-07-08T20:08:20Z,2025-03-15T12:17:03Z,4944,101
runelite,{'login': 'runelite'},2016-04-30T20:48:02Z,2025-03-15T17:36:39Z,4940,0
xpay,{'login': 'Exrick'},2017-12-12T16:11:19Z,2025-03-15T08:46:24Z,4933,0
megabasterd,{'login': 'tonikelope'},2016-09-29T16:54:54Z,2025-03-15T17:58:40Z,4929,208
Geyser,{'login': 'GeyserMC'},2019-07-08T17:23:17Z,2025-03-15T12:22:38Z,4927,0
OsmAnd,{'login': 'osmandapp'},2011-01-15T19:59:44Z,2025-03-15T17:03:52Z,4926,1
RippleEffect,{'login': 'traex'},2014-10-14T13:32:51Z,2025-03-14T22:35:42Z,4921,0
react-native-linear-gradient,{'login': 'react-native-linear-gradient'},2015-03-31T17:44:40Z,2025-03-10T20:19:31Z,4913,18
folding-cell-android,{'login': 'Ramotion'},2016-04-01T11:38:47Z,2025-03-13T07:31:11Z,4902,0
spring-cloud-netflix,{'login': 'spring-cloud'},2014-07-11T15:46:12Z,2025-03-15T09:48:19Z,4900,18
ignite,{'login': 'apache'},2015-02-19T08:00:05Z,2025-03-14T02:45:38Z,4893,0
Android-IMSI-Catcher-Detector,{'login': 'CellularPrivacy'},2013-11-23T10:04:14Z,2025-03-15T16:54:03Z,4893,48
armeria,{'login': 'line'},2015-11-16T04:04:01Z,2025-03-15T10:06:54Z,4878,254
DesignPattern,{'login': 'youlookwhat'},2016-10-21T10:59:32Z,2025-03-15T14:36:47Z,4877,0
oshi,{'login': 'oshi'},2012-02-10T12:46:48Z,2025-03-15T12:03:38Z,4877,161
roncoo-pay,{'login': 'roncoo'},2016-07-21T02:46:06Z,2025-03-13T13:49:29Z,4877,0
react-native-config,{'login': 'lugg'},2016-02-23T00:19:11Z,2025-03-11T12:34:57Z,4874,26
wgcloud,{'login': 'tianshiyeben'},2019-01-15T02:02:21Z,2025-03-14T07:19:57Z,4862,27
dynamic-datasource,{'login': 'baomidou'},2018-04-28T02:32:16Z,2025-03-14T13:31:12Z,4852,18
sensitive-word,{'login': 'houbb'},2020-01-07T03:10:44Z,2025-03-15T08:12:34Z,4840,2
cglib,{'login': 'cglib'},2014-03-29T13:48:30Z,2025-03-13T03:03:15Z,4837,15
reactive-streams-jvm,{'login': 'reactive-streams'},2014-02-28T13:16:15Z,2025-03-15T16:18:36Z,4831,0
bisq,{'login': 'bisq-network'},2014-03-12T09:42:29Z,2025-03-13T03:19:49Z,4831,140
querydsl,{'login': 'querydsl'},2011-08-05T06:46:32Z,2025-03-15T17:58:57Z,4829,35
WukongCRM-11.0-JAVA,{'login': 'WuKongOpenSource'},2021-04-06T10:58:55Z,2025-03-15T08:29:55Z,4829,0
java-faker,{'login': 'DiUS'},2011-06-06T01:01:21Z,2025-03-14T11:16:00Z,4828,0
typespec,{'login': 'microsoft'},2021-06-30T23:29:49Z,2025-03-15T08:00:18Z,4827,109
QAuxiliary,{'login': 'cinit'},2022-01-29T06:12:36Z,2025-03-15T14:56:52Z,4826,45
packer-ng-plugin,{'login': 'mcxiaoke'},2015-11-24T04:08:08Z,2025-03-14T06:48:21Z,4823,1
Transitions-Everywhere,{'login': 'andkulikov'},2014-10-15T03:37:03Z,2025-03-14T06:47:35Z,4815,23
lucida,{'login': 'claritylab'},2014-05-13T17:12:49Z,2025-03-10T12:05:51Z,4806,0
openai-java,{'login': 'TheoKanning'},2020-09-15T02:58:52Z,2025-03-15T06:59:10Z,4798,22
orientdb,{'login': 'orientechnologies'},2012-12-09T20:33:47Z,2025-03-15T15:25:55Z,4784,219
jpexs-decompiler,{'login': 'jindrapetrik'},2014-05-10T17:20:56Z,2025-03-15T19:41:45Z,4778,168
killbill,{'login': 'killbill'},2012-10-21T20:55:05Z,2025-03-15T16:10:17Z,4777,149
Android-ConvenientBanner,{'login': 'saiwu-bigkoo'},2014-12-23T06:12:33Z,2025-02-22T06:06:40Z,4770,0
aviatorscript,{'login': 'killme2008'},2011-03-29T12:48:47Z,2025-03-14T08:51:56Z,4765,52
rstudio,{'login': 'rstudio'},2010-12-07T19:10:25Z,2025-03-14T17:23:44Z,4764,0
calcite,{'login': 'apache'},2014-06-25T07:00:07Z,2025-03-14T09:28:06Z,4758,0
spotless,{'login': 'diffplug'},2015-04-27T19:10:58Z,2025-03-15T11:43:28Z,4755,20
react-native-webrtc,{'login': 'react-native-webrtc'},2015-09-27T10:57:30Z,2025-03-14T18:32:12Z,4753,80
AndroidStaggeredGrid,{'login': 'etsy'},2013-12-09T19:43:45Z,2025-02-04T08:57:35Z,4750,7
cameraview,{'login': 'google'},2016-08-04T05:22:14Z,2025-03-13T11:52:48Z,4742,0
small-spring,{'login': 'fuzhengwei'},2021-05-15T06:07:28Z,2025-03-15T11:23:16Z,4737,0
android-tips-tricks,{'login': 'nisrulz'},2016-08-25T20:27:33Z,2025-03-12T07:57:40Z,4734,0
reflections,{'login': 'ronmamo'},2013-04-16T16:19:26Z,2025-03-01T21:01:11Z,4734,3
SwitchButton,{'login': 'kyleduo'},2014-09-09T07:20:43Z,2025-03-10T03:03:46Z,4731,0
Suwayomi-Server,{'login': 'Suwayomi'},2020-12-23T20:31:38Z,2025-03-15T14:04:30Z,4724,56
mybatis,{'login': 'tuguangquan'},2014-11-03T04:51:06Z,2025-03-15T12:57:21Z,4722,0
baseAdapter,{'login': 'hongyangAndroid'},2015-08-03T02:55:51Z,2025-03-13T15:48:56Z,4721,0
Digital,{'login': 'hneemann'},2016-06-28T17:40:16Z,2025-03-15T10:27:01Z,4710,35
spring-boot-best-practice,{'login': 'javastacks'},2018-11-09T06:23:18Z,2025-03-14T01:30:10Z,4708,0
Spring-Boot-In-Action,{'login': 'hansonwang99'},2019-01-28T12:56:51Z,2025-03-13T13:38:08Z,4704,0
chuck,{'login': 'jgilfelt'},2017-02-07T23:51:39Z,2025-03-06T14:55:09Z,4698,5
spring-security-oauth,{'login': 'spring-attic'},2011-07-26T18:08:49Z,2025-03-14T07:55:33Z,4695,0
mockserver,{'login': 'mock-server'},2013-02-26T06:09:52Z,2025-03-15T15:44:28Z,4690,0
ActiveAndroid,{'login': 'pardom-zz'},2012-11-15T18:10:45Z,2025-03-12T01:14:27Z,4690,0
MaterialDateTimePicker,{'login': 'wdullaer'},2015-01-03T19:41:03Z,2025-03-07T05:23:49Z,4666,54
FirebaseUI-Android,{'login': 'firebase'},2015-07-09T17:31:09Z,2025-03-14T21:19:28Z,4666,65
cardslib,{'login': 'gabrielemariotti'},2013-09-20T21:57:19Z,2025-03-02T17:43:10Z,4650,27
PageIndicatorView,{'login': 'romandanylyk'},2016-08-20T19:25:32Z,2025-03-11T08:10:55Z,4640,14
blog_demos,{'login': 'zq2599'},2017-04-09T04:51:56Z,2025-03-14T13:47:25Z,4632,0
microservices-platform,{'login': 'zlt2000'},2019-03-07T07:13:37Z,2025-03-15T17:39:47Z,4630,30
esProc,{'login': 'SPLWare'},2021-11-09T15:41:25Z,2025-03-15T03:04:54Z,4626,0
libsvm,{'login': 'cjlin1'},2013-09-10T14:32:07Z,2025-03-14T09:13:09Z,4610,0
spring-cloud-gateway,{'login': 'spring-cloud'},2016-11-16T21:42:51Z,2025-03-15T09:18:44Z,4610,23
JAViewer,{'login': 'SplashCodes'},2016-05-21T08:47:10Z,2025-03-15T07:32:03Z,4609,10
SpringBoot-Shiro-Vue,{'login': 'Heeexy'},2017-11-17T18:49:06Z,2025-03-15T16:03:29Z,4602,0
ribbon,{'login': 'Netflix'},2013-01-15T01:08:04Z,2025-03-15T19:14:14Z,4595,41
rocketmq-externals,{'login': 'apache'},2017-03-14T07:00:06Z,2025-03-13T06:56:29Z,4590,0
JSON-java,{'login': 'stleary'},2010-12-21T17:46:09Z,2025-03-12T22:43:06Z,4586,23
crawler4j,{'login': 'yasserg'},2011-12-31T22:49:18Z,2025-03-13T06:39:22Z,4580,3
SimplifyReader,{'login': 'chentao0707'},2015-08-17T08:22:53Z,2025-02-24T14:29:20Z,4576,0
poi-tl,{'login': 'Sayi'},2015-03-20T06:47:52Z,2025-03-14T06:28:49Z,4575,14
quasar,{'login': 'puniverse'},2013-03-27T14:51:24Z,2025-03-06T23:22:37Z,4567,18
ForestBlog,{'login': 'saysky'},2017-10-08T15:27:47Z,2025-03-14T13:48:10Z,4565,0
JGrowing,{'login': 'javagrowing'},2019-02-26T01:55:08Z,2025-03-10T14:50:21Z,4564,0
db-tutorial,{'login': 'dunwu'},2017-08-08T06:33:38Z,2025-03-15T15:38:19Z,4558,0
micrometer,{'login': 'micrometer-metrics'},2017-04-10T21:36:51Z,2025-03-15T06:17:58Z,4558,255
javacpp,{'login': 'bytedeco'},2014-04-21T12:47:21Z,2025-03-14T16:17:55Z,4557,12
Depth-LIB-Android-,{'login': 'danielzeller'},2016-04-27T09:37:28Z,2025-03-04T08:01:28Z,4557,0
sqlbrite,{'login': 'square'},2015-02-19T04:38:37Z,2025-03-14T15:09:36Z,4556,9
go-lang-idea-plugin,{'login': 'go-lang-plugin-org'},2010-08-29T08:20:01Z,2025-03-06T07:34:28Z,4555,21
Douya,{'login': 'zhanghai'},2016-02-01T13:44:19Z,2025-03-07T05:23:53Z,4554,11
automq,{'login': 'AutoMQ'},2023-08-17T07:50:13Z,2025-03-15T16:45:41Z,4539,56
android-crop,{'login': 'jdamcd'},2014-03-13T10:24:43Z,2025-03-12T10:09:06Z,4538,6
maven,{'login': 'apache'},2009-05-21T03:22:03Z,2025-03-15T08:48:25Z,4531,23
--,{'login': '981011512'},2020-06-18T22:47:21Z,2025-03-14T06:47:01Z,4525,0
dexposed,{'login': 'alibaba'},2015-06-30T02:59:16Z,2025-03-04T22:19:00Z,4524,0
bottomsheet,{'login': 'Flipboard'},2015-04-23T17:37:32Z,2025-03-07T05:23:55Z,4522,10
concurrent,{'login': 'RedSpider1'},2018-11-03T13:49:36Z,2025-03-15T09:21:44Z,4522,0
simplify,{'login': 'CalebFenton'},2014-01-16T05:14:02Z,2025-03-15T07:57:39Z,4516,9
SmoothProgressBar,{'login': 'castorflex'},2013-11-27T20:32:16Z,2025-02-26T14:01:30Z,4514,9
Infinity-For-Reddit,{'login': 'Docile-Alligator'},2018-07-26T15:02:51Z,2025-03-15T15:24:08Z,4511,173
GCViewer,{'login': 'chewiebug'},2011-10-23T09:01:04Z,2025-03-15T14:14:02Z,4510,5
android,{'login': 'nextcloud'},2016-06-06T21:23:36Z,2025-03-15T14:02:43Z,4496,244
AndroidHttpCapture,{'login': 'JZ-Darkal'},2016-10-15T19:48:00Z,2025-03-14T06:51:38Z,4491,1
bilibili-android-client,{'login': 'HotBitmapGG'},2016-06-01T04:36:01Z,2025-03-13T03:53:06Z,4491,1
azkaban,{'login': 'azkaban'},2012-10-18T01:34:53Z,2025-03-14T14:19:03Z,4490,48
java-algorithms-implementation,{'login': 'phishman3579'},2013-11-20T03:30:19Z,2025-03-14T09:26:24Z,4486,0
NineOldAndroids,{'login': 'JakeWharton'},2011-12-08T19:46:37Z,2025-02-27T17:11:38Z,4480,0
objectbox-java,{'login': 'objectbox'},2017-01-24T10:29:48Z,2025-03-15T13:24:43Z,4480,46
allure2,{'login': 'allure-framework'},2016-05-27T14:06:05Z,2025-03-15T10:42:04Z,4474,76
opengrok,{'login': 'oracle'},2013-01-07T11:49:18Z,2025-03-15T18:20:55Z,4474,285
AndroidTutorialForBeginners,{'login': 'hussien89aa'},2016-09-26T16:36:28Z,2025-03-14T14:34:55Z,4466,0
epic,{'login': 'tiann'},2017-05-22T02:52:44Z,2025-03-13T04:21:00Z,4462,5
android-mvp-architecture,{'login': 'janishar'},2017-01-27T08:39:06Z,2025-03-11T07:24:14Z,4444,0
android-times-square,{'login': 'square'},2013-01-30T20:28:27Z,2025-03-04T19:07:34Z,4438,0
Robust,{'login': 'Meituan-Dianping'},2017-03-14T10:14:50Z,2025-03-15T03:36:03Z,4436,13
JDA,{'login': 'discord-jda'},2015-12-12T13:57:32Z,2025-03-14T21:46:18Z,4436,99
GT,{'login': 'Tencent'},2016-01-13T10:29:55Z,2025-03-07T23:15:02Z,4407,3
DeepLinkDispatch,{'login': 'airbnb'},2015-06-11T21:16:48Z,2025-03-14T21:06:47Z,4396,24
moco,{'login': 'dreamhead'},2012-10-18T09:09:51Z,2025-03-15T15:44:11Z,4391,1
Ant-Media-Server,{'login': 'ant-media'},2017-03-01T08:21:13Z,2025-03-15T16:15:39Z,4388,62
ticker,{'login': 'robinhood'},2016-07-15T21:37:52Z,2025-03-09T04:37:58Z,4385,9
WePush,{'login': 'rememberber'},2017-06-23T09:03:36Z,2025-03-14T13:49:34Z,4375,58
djl,{'login': 'deepjavalibrary'},2019-10-29T22:38:54Z,2025-03-14T09:28:04Z,4372,33
BottomNavigation,{'login': 'Ashok-Varma'},2016-03-19T19:19:30Z,2025-03-09T13:59:24Z,4367,16
shiro,{'login': 'apache'},2009-08-29T08:00:17Z,2025-03-14T19:29:46Z,4360,11
leet-code,{'login': 'awangdev'},2015-04-25T19:14:09Z,2025-03-09T02:31:13Z,4357,0
ipscan,{'login': 'angryip'},2011-06-28T20:58:48Z,2025-03-15T18:15:35Z,4355,30
flink-recommandSystem-demo,{'login': 'water8394'},2019-05-15T07:55:35Z,2025-03-15T11:40:27Z,4351,0
GDA-android-reversing-Tool,{'login': 'charles2gan'},2017-10-31T08:18:29Z,2025-03-15T19:05:28Z,4345,40
Gadgetbridge,{'login': 'Freeyourgadget'},2015-01-05T23:19:03Z,2025-03-15T09:57:34Z,4312,0
BGARefreshLayout-Android,{'login': 'bingoogolapple'},2015-05-28T16:17:00Z,2025-03-13T15:17:53Z,4310,4
h2database,{'login': 'h2database'},2015-04-10T19:09:09Z,2025-03-15T08:12:01Z,4306,23
ImagePicker,{'login': 'jeasonlzy'},2016-01-27T17:05:03Z,2025-03-07T15:48:14Z,4301,5
serve,{'login': 'pytorch'},2019-10-03T03:17:43Z,2025-03-15T06:17:38Z,4299,24
jacoco,{'login': 'jacoco'},2012-07-08T21:45:13Z,2025-03-15T07:33:14Z,4297,48
android-volley,{'login': 'mcxiaoke'},2013-05-21T05:35:26Z,2025-02-26T02:22:27Z,4290,0
frontend-maven-plugin,{'login': 'eirslett'},2013-08-30T14:44:38Z,2025-03-14T19:24:29Z,4285,0
coursera-android,{'login': 'aporter'},2014-01-05T09:55:31Z,2025-03-12T02:04:01Z,4277,0
android-autofittextview,{'login': 'grantland'},2011-02-14T06:00:52Z,2025-03-07T05:24:05Z,4269,1
CircleIndicator,{'login': 'ongakuer'},2014-07-30T14:02:56Z,2025-03-07T09:04:04Z,4268,7
java-learning,{'login': 'brianway'},2016-02-09T05:20:58Z,2025-03-14T10:09:22Z,4265,0
IoT-Technical-Guide,{'login': 'IoT-Technology'},2019-04-02T01:52:44Z,2025-03-15T10:14:24Z,4261,0
InternetArchitect,{'login': 'bjmashibing'},2019-10-19T16:32:01Z,2025-03-13T08:57:01Z,4255,0
OpenHub,{'login': 'ThirtyDegreesRay'},2017-07-11T13:29:51Z,2025-03-14T13:43:38Z,4251,31
dragonwell8,{'login': 'dragonwell-project'},2019-03-07T02:57:45Z,2025-03-14T07:55:19Z,4250,38
dynamic-tp,{'login': 'dromara'},2022-01-07T16:35:27Z,2025-03-15T17:49:59Z,4250,17
aurora,{'login': 'linhaojun857'},2022-08-19T13:39:16Z,2025-03-14T04:37:20Z,4237,0
flutter-webrtc,{'login': 'flutter-webrtc'},2018-03-07T02:26:03Z,2025-03-13T17:48:14Z,4234,122
failsafe,{'login': 'failsafe-lib'},2015-06-30T00:56:39Z,2025-03-09T19:47:16Z,4231,0
MallChat,{'login': 'zongzibinbin'},2023-03-16T15:04:35Z,2025-03-14T09:04:37Z,4224,0
ShineButton,{'login': 'ChadCSong'},2016-07-05T06:32:26Z,2025-02-26T09:10:57Z,4220,2
tx-lcn,{'login': 'codingapi'},2017-11-11T03:34:34Z,2025-03-14T13:13:09Z,4208,14
spring-ai,{'login': 'spring-projects'},2023-06-27T18:57:29Z,2025-03-15T19:11:31Z,4202,0
crate,{'login': 'crate'},2013-04-10T09:17:16Z,2025-03-14T14:01:10Z,4194,127
CoordinatorTabLayout,{'login': 'hugeterry'},2017-01-27T13:40:28Z,2025-03-02T14:45:55Z,4192,0
jitsi,{'login': 'jitsi'},2013-04-24T17:37:20Z,2025-03-14T05:50:46Z,4189,7
FloatWindow,{'login': 'yhaolpz'},2017-11-14T14:33:55Z,2025-03-11T05:07:46Z,4188,9
camunda-bpm-platform,{'login': 'camunda'},2013-01-03T10:10:31Z,2025-03-15T06:19:21Z,4186,0
JKeyboardPanelSwitch,{'login': 'Jacksgong'},2015-07-01T17:42:01Z,2025-03-12T17:32:53Z,4186,14
spring-boot-starter,{'login': 'mybatis'},2015-09-25T13:05:15Z,2025-03-15T10:18:03Z,4183,31
powermock,{'login': 'powermock'},2014-05-28T07:53:53Z,2025-03-15T07:33:15Z,4181,16
campus-imaotai,{'login': 'oddfar'},2023-07-07T10:37:13Z,2025-03-15T14:01:37Z,4178,11
unidbg,{'login': 'zhkl0228'},2019-02-26T09:32:15Z,2025-03-15T14:28:05Z,4176,15
BGABanner-Android,{'login': 'bingoogolapple'},2014-10-25T17:15:18Z,2025-02-21T03:00:35Z,4172,0
javassist,{'login': 'jboss-javassist'},2013-05-24T08:31:32Z,2025-03-11T07:46:40Z,4169,24
open-location-code,{'login': 'google'},2014-09-30T18:26:35Z,2025-03-14T05:37:03Z,4168,5
aws-sdk-java,{'login': 'aws'},2010-03-22T23:34:58Z,2025-03-02T17:27:47Z,4149,0
AndroidWiFiADB,{'login': 'pedrovgs'},2015-10-18T21:58:45Z,2025-03-14T03:48:28Z,4146,8
zotfile,{'login': 'jlegewie'},2011-12-30T14:47:42Z,2025-03-15T18:48:08Z,4141,33
malmo,{'login': 'microsoft'},2016-05-17T14:58:40Z,2025-03-15T14:52:43Z,4137,21
markor,{'login': 'gsantner'},2017-08-26T00:08:35Z,2025-03-15T18:50:15Z,4127,76
hmily,{'login': 'dromara'},2017-09-28T06:29:01Z,2025-03-12T13:06:58Z,4122,0
Tangram-Android,{'login': 'alibaba'},2017-03-29T13:29:57Z,2025-03-07T05:24:21Z,4114,38
guide-rpc-framework,{'login': 'Snailclimb'},2020-05-10T13:24:42Z,2025-03-14T15:42:45Z,4113,0
LoadingDrawable,{'login': 'dinuscxj'},2016-04-16T07:33:57Z,2025-03-07T05:24:23Z,4113,0
maxwell,{'login': 'zendesk'},2015-02-09T22:06:13Z,2025-03-15T13:53:11Z,4094,213
ExpandableTextView,{'login': 'Manabu-GT'},2014-05-17T19:40:15Z,2025-02-26T10:00:29Z,4089,4
fastexcel,{'login': 'fast-excel'},2024-10-05T11:42:50Z,2025-03-15T17:51:02Z,4076,3
tiny-spring,{'login': 'code4craft'},2014-01-10T16:37:57Z,2025-03-15T10:31:36Z,4068,0
ViewPagerCards,{'login': 'rubensousa'},2016-08-20T15:24:12Z,2025-03-03T03:07:03Z,4067,0
oblivion,{'login': 'bepass-org'},2024-02-08T05:50:09Z,2025-03-14T14:29:55Z,4063,12
dolby_beta,{'login': 'nining377'},2020-05-19T12:13:36Z,2025-03-14T10:08:18Z,4062,37
jodd,{'login': 'oblac'},2012-09-07T20:26:48Z,2025-03-14T03:27:45Z,4062,37
java-developer-roadmap,{'login': 's4kibs4mi'},2019-04-23T06:42:13Z,2025-03-15T07:20:38Z,4060,0
bistoury,{'login': 'qunarcorp'},2019-08-01T07:54:25Z,2025-03-15T15:21:51Z,4057,8
LSPosed_mod,{'login': 'mywalkb'},2022-03-28T08:05:38Z,2025-03-15T10:18:23Z,4054,10
CC,{'login': 'luckybilly'},2017-11-23T16:26:33Z,2025-02-01T06:16:18Z,4051,0
SmartCropper,{'login': 'pqpo'},2017-08-03T11:08:41Z,2025-03-15T07:56:56Z,4046,13
chunjun,{'login': 'DTStack'},2018-04-03T12:44:58Z,2025-03-15T10:24:36Z,4032,30
greys-anatomy,{'login': 'oldmanpushcart'},2012-11-21T19:39:35Z,2025-03-14T10:10:12Z,4028,0
XCL-Charts,{'login': 'xcltapestry'},2014-06-09T15:44:50Z,2025-03-14T01:55:05Z,4017,0
streampark,{'login': 'apache'},2019-05-27T05:56:03Z,2025-03-15T01:48:33Z,4016,28
dubbo-admin,{'login': 'apache'},2018-01-11T05:30:17Z,2025-03-08T05:02:02Z,4012,6
Bolts-Android,{'login': 'BoltsFramework'},2014-01-30T04:58:14Z,2025-03-13T22:58:14Z,4011,11
FloatingActionButton,{'login': 'makovkastar'},2014-07-22T13:29:55Z,2025-02-19T09:21:04Z,4004,0
Phoenix,{'login': 'Yalantis'},2015-01-12T14:11:20Z,2025-03-13T08:12:42Z,4004,1
TwinklingRefreshLayout,{'login': 'lcodecorex'},2016-03-02T12:11:56Z,2025-03-14T03:48:33Z,4002,0
Telegram-X,{'login': 'TGX-Android'},2021-08-17T17:09:25Z,2025-03-15T19:19:40Z,4000,4
BigImageViewer,{'login': 'Piasy'},2016-11-06T09:55:02Z,2025-03-14T18:32:01Z,3986,0
hawk,{'login': 'orhanobut'},2015-02-19T22:25:23Z,2025-03-14T04:08:50Z,3985,22
geoserver,{'login': 'geoserver'},2011-11-10T19:56:06Z,2025-03-15T00:24:51Z,3982,55
BadgeView,{'login': 'qstumn'},2017-02-08T02:01:39Z,2025-03-11T05:45:44Z,3979,5
fastjson2,{'login': 'alibaba'},2022-04-17T04:27:24Z,2025-03-15T10:45:44Z,3978,56
GuideView,{'login': 'binIoter'},2016-06-19T08:52:25Z,2025-02-21T22:51:59Z,3957,0
tech-weekly,{'login': 'mercyblitz'},2018-12-03T03:10:52Z,2025-03-14T18:21:52Z,3956,0
effective-java-3e-source-code,{'login': 'jbloch'},2018-08-03T20:48:35Z,2025-03-11T11:11:07Z,3952,0
Aliucord,{'login': 'Aliucord'},2021-02-27T16:59:06Z,2025-03-15T15:14:42Z,3950,14
interviewGuide,{'login': 'NotFound9'},2016-04-20T07:17:09Z,2025-03-11T03:20:17Z,3944,0
RichText,{'login': 'zzhoujay'},2015-07-21T09:36:01Z,2025-03-14T02:18:28Z,3940,0
android-iconify,{'login': 'JoanZapata'},2013-06-12T11:42:01Z,2025-03-08T17:01:58Z,3938,0
RxJavaSamples,{'login': 'rengwuxian'},2016-03-24T13:08:10Z,2025-03-14T03:48:36Z,3937,3
XChange,{'login': 'knowm'},2012-02-02T10:48:28Z,2025-03-14T21:23:56Z,3935,0
novel-plus,{'login': '201206030'},2020-05-02T07:15:43Z,2025-03-15T15:36:16Z,3933,25
LiveEventBus,{'login': 'JeremyLiao'},2018-07-11T07:36:59Z,2025-03-12T07:14:55Z,3929,0
XposedInstaller,{'login': 'rovo89'},2012-04-02T20:33:05Z,2025-03-12T06:59:57Z,3927,0
jmonkeyengine,{'login': 'jMonkeyEngine'},2014-03-20T22:29:28Z,2025-03-15T09:21:08Z,3922,69
DataMiningAlgorithm,{'login': 'linyiqun'},2015-01-11T02:50:28Z,2025-03-15T06:36:59Z,3903,0
Conductor,{'login': 'bluelinelabs'},2016-03-16T18:42:41Z,2025-02-28T22:23:58Z,3902,36
jstorm,{'login': 'alibaba'},2013-09-03T03:53:16Z,2025-03-14T18:21:48Z,3901,22
jetty.project,{'login': 'jetty'},2011-07-14T01:11:57Z,2025-03-15T07:33:15Z,3900,110
learning-spark,{'login': 'databricks'},2014-06-16T04:47:54Z,2025-03-15T14:15:21Z,3890,0
Leetcode,{'login': 'fishercoder1534'},2016-07-31T05:28:15Z,2025-03-10T14:16:22Z,3879,0
awaitility,{'login': 'awaitility'},2010-01-22T15:12:52Z,2025-03-15T19:36:49Z,3879,0
BackgroundLibrary,{'login': 'JavaNoober'},2018-09-09T08:52:45Z,2025-03-02T14:47:00Z,3873,13
grobid,{'login': 'kermitt2'},2012-09-13T15:48:54Z,2025-03-14T15:17:58Z,3866,21
xboot,{'login': 'Exrick'},2018-04-23T14:44:18Z,2025-03-09T14:03:04Z,3862,6
bitcoin-wallet,{'login': 'bitcoin-wallet'},2012-03-31T17:06:47Z,2025-03-15T14:02:00Z,3862,0
sofa-rpc,{'login': 'sofastack'},2018-04-09T03:32:04Z,2025-03-14T03:35:56Z,3861,61
screw,{'login': 'pingfangushi'},2020-06-21T11:37:06Z,2025-03-14T06:55:32Z,3858,0
Launcher3,{'login': 'amirzaidi'},2017-05-30T12:53:32Z,2025-03-14T06:11:44Z,3858,22
TinyPinyin,{'login': 'promeG'},2015-09-30T03:24:50Z,2025-03-13T04:48:36Z,3855,2
Timeline-View,{'login': 'vipulasri'},2015-12-15T14:55:04Z,2025-03-14T09:23:47Z,3853,15
IDDD_Samples,{'login': 'VaughnVernon'},2013-04-08T22:12:57Z,2025-03-15T17:54:33Z,3839,0
java-tron,{'login': 'tronprotocol'},2017-12-26T10:20:38Z,2025-03-15T16:04:52Z,3836,79
ahbottomnavigation,{'login': 'aurelhubert'},2016-03-17T12:17:56Z,2025-03-11T09:04:03Z,3835,14
MaterialSearchView,{'login': 'MiguelCatalan'},2015-09-14T17:13:46Z,2025-03-14T03:48:38Z,3830,6
DSBridge-Android,{'login': 'wendux'},2017-01-02T11:58:53Z,2025-03-10T10:00:53Z,3822,2
ripme,{'login': 'RipMeApp'},2017-01-06T17:12:09Z,2025-03-15T00:33:30Z,3819,132
CircleProgress,{'login': 'uknownothingsnow'},2014-10-30T16:14:42Z,2025-03-11T07:50:41Z,3817,0
leetcode-editor,{'login': 'shuzijun'},2019-03-19T16:32:17Z,2025-03-15T12:17:14Z,3808,55
ShedLock,{'login': 'lukas-krecan'},2016-12-11T13:53:59Z,2025-03-14T18:21:50Z,3791,0
jabref,{'login': 'JabRef'},2014-03-11T14:48:42Z,2025-03-15T16:45:08Z,3785,44
MarqueeView,{'login': 'sunfusheng'},2016-06-01T06:50:46Z,2025-03-13T01:07:24Z,3782,0
syncthing-android,{'login': 'syncthing'},2014-02-22T17:15:19Z,2025-03-15T19:46:09Z,3778,332
SuperTextView,{'login': 'lygttpod'},2016-10-19T04:06:54Z,2025-03-12T07:18:34Z,3773,39
OpenPDF,{'login': 'LibrePDF'},2016-07-11T15:50:34Z,2025-03-15T09:10:37Z,3768,73
AndServer,{'login': 'yanzhenjie'},2016-06-14T00:52:52Z,2025-03-13T02:37:42Z,3767,1
mpush,{'login': 'mpusher'},2016-04-28T01:43:19Z,2025-03-03T12:41:59Z,3767,9
PeerBanHelper,{'login': 'PBH-BTN'},2024-02-07T14:35:16Z,2025-03-15T15:50:09Z,3761,113
roboguice,{'login': 'roboguice'},2012-08-12T20:37:19Z,2025-03-15T15:29:15Z,3759,0
andOTP,{'login': 'andOTP'},2017-07-05T11:39:52Z,2025-03-15T12:19:50Z,3754,38
My-Blog,{'login': 'ZHENFENG13'},2019-03-04T09:17:00Z,2025-03-15T07:17:03Z,3750,0
CustomActivityOnCrash,{'login': 'Ereza'},2014-07-04T19:46:21Z,2025-03-05T10:29:40Z,3749,12
blurkit-android,{'login': 'CameraKit'},2016-11-06T03:14:58Z,2025-03-12T09:02:54Z,3744,3
sticky-headers-recyclerview,{'login': 'timehop'},2014-10-03T01:57:46Z,2025-02-20T07:23:26Z,3743,0
react-native-share,{'login': 'react-native-share'},2015-09-30T02:27:34Z,2025-03-14T07:28:11Z,3742,133
SwipeDelMenuLayout,{'login': 'mcxtzhang'},2016-08-25T08:10:45Z,2025-03-13T18:57:14Z,3741,2
lilishop,{'login': 'lilishop'},2021-05-14T01:28:51Z,2025-03-15T17:43:27Z,3741,3
mlkit,{'login': 'googlesamples'},2020-05-28T21:40:38Z,2025-03-14T08:14:23Z,3728,1
spruce-android,{'login': 'willowtreeapps'},2017-02-23T20:34:18Z,2025-02-23T10:19:46Z,3720,3
Terasology,{'login': 'MovingBlocks'},2011-03-04T03:49:19Z,2025-03-12T17:56:47Z,3710,70
NullAway,{'login': 'uber'},2017-09-01T17:35:57Z,2025-03-15T05:16:54Z,3707,25
NoHttp,{'login': 'yanzhenjie'},2015-07-29T06:11:12Z,2025-03-05T03:33:19Z,3707,0
atmosphere,{'login': 'Atmosphere'},2010-06-30T14:26:23Z,2025-03-14T14:18:43Z,3707,0
ChatKit,{'login': 'stfalcon-studio'},2017-02-02T09:37:15Z,2025-03-11T03:32:09Z,3706,1
StylishMusicPlayer,{'login': 'ryanhoo'},2016-09-13T14:38:32Z,2025-03-14T14:38:05Z,3703,0
java,{'login': 'kubernetes-client'},2017-05-08T21:52:58Z,2025-03-15T17:09:39Z,3703,53
Skeleton,{'login': 'ethanhua'},2017-07-30T06:42:39Z,2025-03-13T03:51:23Z,3697,0
ByteLegend,{'login': 'ByteLegend'},2021-02-01T10:11:30Z,2025-03-15T16:30:57Z,3694,0
Play-with-Algorithms,{'login': 'liuyubobobo'},2016-07-05T18:16:22Z,2025-03-15T11:49:56Z,3685,0
ASimpleCache,{'login': 'yangfuhai'},2013-07-28T13:50:59Z,2025-03-12T07:56:01Z,3684,0
kylin,{'login': 'apache'},2015-01-03T08:00:05Z,2025-03-13T06:58:40Z,3683,1
BannerViewPager,{'login': 'zhpanvip'},2017-03-28T09:11:11Z,2025-03-13T03:00:06Z,3682,56
rejoiner,{'login': 'google'},2017-12-06T19:09:53Z,2025-03-14T00:10:26Z,3668,3
groupie,{'login': 'lisawray'},2016-09-01T20:59:35Z,2025-03-06T12:01:35Z,3665,28
shopizer,{'login': 'shopizer-ecommerce'},2012-11-21T03:42:39Z,2025-03-15T05:37:11Z,3664,18
pixel-dungeon,{'login': 'watabou'},2014-07-26T17:34:32Z,2025-03-15T15:16:28Z,3662,0
bundletool,{'login': 'google'},2018-05-04T07:24:09Z,2025-03-15T03:15:52Z,3661,63
sofa-jraft,{'login': 'sofastack'},2019-03-04T10:13:43Z,2025-03-12T10:23:54Z,3660,31
databus,{'login': 'linkedin'},2012-12-17T17:49:17Z,2025-03-12T19:16:50Z,3656,0
pdfsam,{'login': 'torakiki'},2013-09-24T11:06:13Z,2025-03-15T10:32:25Z,3652,64
Linkage-RecyclerView,{'login': 'KunMinX'},2019-04-22T04:39:46Z,2025-03-05T13:00:53Z,3652,0
android-common,{'login': 'litesuits'},2014-05-29T08:08:00Z,2025-02-21T22:52:07Z,3647,0
chatgpt-java,{'login': 'PlexPt'},2022-12-07T04:55:33Z,2025-03-14T13:54:37Z,3636,24
light-4j,{'login': 'networknt'},2016-09-09T22:28:14Z,2025-03-15T08:42:57Z,3635,189
FlatLaf,{'login': 'JFormDesigner'},2019-08-19T10:27:05Z,2025-03-15T19:41:38Z,3631,85
RoaringBitmap,{'login': 'RoaringBitmap'},2013-06-17T20:29:23Z,2025-03-14T21:49:47Z,3631,34
incubator-heron,{'login': 'apache'},2015-09-25T16:09:24Z,2025-03-14T05:50:41Z,3629,56
JCTools,{'login': 'JCTools'},2013-11-10T18:04:40Z,2025-03-15T01:33:04Z,3628,18
Android-BluetoothKit,{'login': 'dingjikerbo'},2015-10-08T09:07:33Z,2025-03-14T13:22:58Z,3626,0
undertow,{'login': 'undertow-io'},2012-07-19T00:52:44Z,2025-03-14T15:05:07Z,3625,9
BlurView,{'login': 'Dimezis'},2016-04-21T16:00:07Z,2025-03-14T03:59:10Z,3618,29
emojicon,{'login': 'rockerhieu'},2014-01-18T12:32:38Z,2025-03-04T06:03:53Z,3610,2
tablesaw,{'login': 'jtablesaw'},2016-01-01T14:58:28Z,2025-03-14T14:19:17Z,3606,79
spotbugs,{'login': 'spotbugs'},2016-11-04T22:18:08Z,2025-03-15T02:27:43Z,3602,68
helidon,{'login': 'helidon-io'},2018-08-27T11:03:52Z,2025-03-15T11:30:07Z,3600,119
ExplosionField,{'login': 'tyrantgit'},2015-09-23T11:34:50Z,2025-03-08T07:19:58Z,3596,0
Alink,{'login': 'alibaba'},2018-09-30T06:36:11Z,2025-03-11T15:40:37Z,3594,22
fernflower,{'login': 'fesh0r'},2014-10-03T05:00:15Z,2025-03-14T17:12:27Z,3593,0
DropDownMenu,{'login': 'dongjunkun'},2015-06-23T07:43:56Z,2025-03-10T06:40:53Z,3590,2
grpc-spring,{'login': 'grpc-ecosystem'},2016-12-30T09:06:15Z,2025-03-14T14:02:30Z,3589,34
NewbieGuide,{'login': 'huburt-Hu'},2017-07-28T06:54:05Z,2025-03-13T11:18:54Z,3587,20
android-stackblur,{'login': 'kikoso'},2013-08-15T14:44:32Z,2025-02-04T08:57:52Z,3583,0
cyberduck,{'login': 'iterate-ch'},2017-01-20T14:16:34Z,2025-03-14T19:18:11Z,3578,0
data-transfer-project,{'login': 'dtinit'},2018-01-04T21:27:57Z,2025-03-14T20:06:37Z,3576,61
spock,{'login': 'spockframework'},2010-12-12T19:02:34Z,2025-03-15T15:44:23Z,3575,25
JavaSourceCodeLearning,{'login': 'coderbruis'},2020-06-02T13:34:20Z,2025-03-14T14:48:11Z,3571,0
android-maps-utils,{'login': 'googlemaps'},2013-05-17T00:08:48Z,2025-03-12T12:28:32Z,3569,46
FlexibleAdapter,{'login': 'davideas'},2015-05-02T22:00:43Z,2025-02-28T06:55:47Z,3566,30
ThreeTenABP,{'login': 'JakeWharton'},2015-07-03T17:35:09Z,2025-03-12T21:21:56Z,3562,0
ShadowLayout,{'login': 'lihangleo2'},2019-07-09T07:17:06Z,2025-03-13T12:38:31Z,3562,28
AppUpdate,{'login': 'WVector'},2017-06-19T09:38:42Z,2025-03-14T03:50:07Z,3558,3
jackson-databind,{'login': 'FasterXML'},2011-12-23T07:17:41Z,2025-03-14T22:17:46Z,3557,0
vertx-examples,{'login': 'vert-x3'},2015-02-24T17:42:44Z,2025-03-13T02:54:45Z,3555,0
netty-learning,{'login': 'code4craft'},2013-09-19T02:24:25Z,2025-03-15T02:14:45Z,3553,0
hackpad,{'login': 'dropbox'},2015-08-14T02:32:17Z,2025-03-05T16:30:38Z,3551,0
parceler,{'login': 'johncarl81'},2013-07-03T02:53:01Z,2025-03-02T03:38:26Z,3548,0
MagicaSakura,{'login': 'bilibili'},2016-06-23T07:54:59Z,2025-03-14T12:37:08Z,3548,3
Android,{'login': 'hmkcode'},2013-09-02T16:12:28Z,2025-03-11T20:09:10Z,3545,0
floatingsearchview,{'login': 'arimorty'},2015-11-22T02:38:32Z,2025-02-28T05:21:01Z,3540,0
retrolambda,{'login': 'luontola'},2013-07-20T07:25:22Z,2025-03-15T01:43:50Z,3539,0
learning-note,{'login': 'rbmonster'},2020-06-15T16:47:25Z,2025-03-15T07:25:33Z,3532,0
Store,{'login': 'nytimes'},2016-11-29T20:17:11Z,2025-02-28T23:55:43Z,3522,0
ftgo-application,{'login': 'microservices-patterns'},2017-10-23T04:30:04Z,2025-03-15T10:40:46Z,3521,0
initializr,{'login': 'spring-io'},2013-06-07T16:02:22Z,2025-03-15T09:13:36Z,3520,16
RecyclerViewPager,{'login': 'lsjwzh'},2015-01-17T18:30:34Z,2025-02-28T06:54:31Z,3520,10
camunda,{'login': 'camunda'},2016-03-20T03:38:04Z,2025-03-14T19:56:59Z,3518,364
Music-Player,{'login': 'andremion'},2016-05-06T21:55:37Z,2025-03-15T15:27:37Z,3515,2
brigadier,{'login': 'Mojang'},2014-09-15T08:48:24Z,2025-03-15T17:08:38Z,3513,3
mcaselector,{'login': 'Querz'},2018-04-22T22:23:26Z,2025-03-15T08:32:41Z,3513,68
yacy_search_server,{'login': 'yacy'},2015-03-22T12:54:20Z,2025-03-15T15:16:40Z,3508,0
SwipeMenuListView,{'login': 'baoyongzhang'},2014-08-24T15:40:45Z,2025-02-16T13:53:42Z,3506,2
AndroRAT,{'login': 'karma9874'},2020-03-22T09:31:28Z,2025-03-15T19:46:27Z,3505,0
GeekNews,{'login': 'codeestX'},2016-08-07T14:56:56Z,2025-02-04T11:25:00Z,3502,0
libstreaming,{'login': 'fyhertz'},2013-01-30T21:24:47Z,2025-03-15T12:58:58Z,3500,0
akhq,{'login': 'tchiotludo'},2018-09-09T19:35:39Z,2025-03-15T11:16:25Z,3495,41
LoadSir,{'login': 'KingJA'},2017-09-02T08:32:15Z,2025-03-14T03:50:12Z,3490,6
spring-cloud-kubernetes,{'login': 'spring-cloud'},2016-12-13T21:36:25Z,2025-03-14T06:05:48Z,3487,24
android-hidden-api,{'login': 'anggrayudi'},2015-09-16T11:58:33Z,2025-03-13T20:11:26Z,3485,2
FairEmail,{'login': 'M66B'},2018-08-02T13:30:25Z,2025-03-15T03:59:55Z,3483,1000
jshERP,{'login': 'jishenghua'},2016-09-20T04:51:39Z,2025-03-15T15:19:08Z,3482,6
JavaEETest,{'login': 'lenve'},2016-12-13T02:13:58Z,2025-03-14T08:51:32Z,3482,0
RxAndroidBle,{'login': 'dariuszseweryn'},2016-02-04T13:42:02Z,2025-03-13T09:04:38Z,3481,59
kubernetes-client,{'login': 'fabric8io'},2015-07-09T15:43:13Z,2025-03-13T14:03:34Z,3479,119
BottomNavigationViewEx,{'login': 'ittianyu'},2016-11-12T08:39:38Z,2025-03-05T19:53:47Z,3476,19
PreviewSeekBar,{'login': 'rubensousa'},2017-01-24T23:52:44Z,2025-02-18T06:56:35Z,3468,10
marshalsec,{'login': 'mbechler'},2017-05-22T11:43:57Z,2025-03-15T11:51:35Z,3467,0
immutables,{'login': 'immutables'},2013-07-07T13:48:23Z,2025-03-13T08:18:46Z,3467,11
SurveyKing,{'login': 'javahuang'},2021-09-06T13:34:14Z,2025-03-14T18:44:40Z,3457,3
QNotified,{'login': 'ferredoxin'},2019-03-24T05:12:41Z,2025-03-15T14:52:54Z,3444,28
SSM,{'login': 'crossoverJie'},2016-06-21T10:09:02Z,2025-03-04T05:48:24Z,3442,10
logging-log4j2,{'login': 'apache'},2013-06-12T07:00:19Z,2025-03-14T12:44:43Z,3441,13
HaE,{'login': 'gh0stkey'},2020-03-24T10:12:50Z,2025-03-15T18:48:31Z,3440,71
migration,{'login': 'phodal'},2020-01-08T02:11:38Z,2025-03-14T11:51:46Z,3438,0
Android-Week-View,{'login': 'alamkanak'},2014-09-17T10:07:12Z,2025-03-13T16:15:59Z,3434,4
SeeWeather,{'login': 'xcc3641'},2016-02-20T13:10:14Z,2025-02-22T15:49:31Z,3434,2
giffun,{'login': 'guolindev'},2019-01-28T05:11:00Z,2025-03-14T03:50:13Z,3433,0
AlgoDS,{'login': 'sherxon'},2016-12-16T17:01:22Z,2025-03-03T21:50:45Z,3432,0
Iris,{'login': 'IrisShaders'},2020-10-22T20:21:12Z,2025-03-14T15:42:15Z,3430,140
MyPerf4J,{'login': 'LinShunKang'},2018-03-11T09:58:44Z,2025-03-12T15:36:47Z,3430,23
android,{'login': 'cSploit'},2014-10-04T05:53:29Z,2025-03-13T18:52:47Z,3422,33
openhab1-addons,{'login': 'openhab'},2013-09-20T20:28:43Z,2025-03-05T00:27:57Z,3418,14
Chronicle-Queue,{'login': 'OpenHFT'},2013-06-02T15:11:33Z,2025-03-15T10:50:32Z,3417,520
maestro,{'login': 'Netflix'},2024-04-17T01:15:56Z,2025-03-14T16:00:23Z,3416,0
LQRWeChat,{'login': 'GitLqr'},2017-02-07T06:32:40Z,2025-03-14T03:50:16Z,3409,0
chatgpt-java,{'login': 'Grt1228'},2023-02-11T08:54:54Z,2025-03-14T13:56:24Z,3404,10
BubbleSeekBar,{'login': 'woxingxiao'},2016-11-03T14:31:05Z,2025-03-13T06:22:20Z,3400,12
AxonFramework,{'login': 'AxonFramework'},2011-12-02T16:04:42Z,2025-03-15T08:00:13Z,3396,128
android-priority-jobqueue,{'login': 'yigit'},2014-06-20T00:12:45Z,2025-02-21T22:55:47Z,3394,0
signal-cli,{'login': 'AsamK'},2015-05-11T10:49:42Z,2025-03-14T15:31:58Z,3387,97
volley,{'login': 'google'},2017-01-24T17:39:33Z,2025-03-12T09:29:44Z,3387,9
red5-server,{'login': 'Red5'},2013-11-19T05:04:10Z,2025-03-14T15:17:51Z,3384,103
springdoc-openapi,{'login': 'springdoc'},2019-07-11T23:08:20Z,2025-03-14T14:09:23Z,3381,87
openj9,{'login': 'eclipse-openj9'},2017-08-25T13:46:07Z,2025-03-15T18:06:00Z,3379,50
android-butterknife-zelezny,{'login': 'avast'},2013-12-23T14:24:08Z,2025-02-28T23:55:45Z,3374,8
http-request,{'login': 'kevinsawicki'},2011-10-21T19:54:58Z,2025-03-08T03:29:14Z,3374,0
AutoDispose,{'login': 'uber'},2016-12-22T18:46:11Z,2025-03-13T02:52:33Z,3370,4
MyBatis-Spring-Boot,{'login': 'abel533'},2015-12-19T09:57:22Z,2025-03-14T06:49:18Z,3370,0
blossom,{'login': 'blossom-editor'},2023-08-07T03:02:17Z,2025-03-15T15:13:03Z,3369,17
incubator-kie-optaplanner,{'login': 'apache'},2011-02-15T19:38:23Z,2025-03-15T11:20:20Z,3363,5
Java,{'login': 'HelloWorld521'},2016-12-08T14:01:46Z,2025-03-15T11:47:33Z,3352,0
my-site,{'login': 'WinterChenS'},2018-05-03T09:05:37Z,2025-03-15T03:24:34Z,3352,0
dinky,{'login': 'DataLinkDC'},2021-06-09T07:11:26Z,2025-03-13T13:03:55Z,3348,29
sndcpy,{'login': 'rom1v'},2020-06-09T19:36:57Z,2025-03-15T11:09:08Z,3348,2
linkis,{'login': 'apache'},2019-07-23T06:41:51Z,2025-03-14T12:02:53Z,3345,32
ArchUnit,{'login': 'TNG'},2017-04-21T08:39:20Z,2025-03-13T08:32:35Z,3340,40
ffmpeg-android-java,{'login': 'cropsly'},2014-09-11T10:12:09Z,2025-03-05T02:01:58Z,3337,8
DDComponentForAndroid,{'login': 'luojilab'},2017-09-07T05:48:44Z,2025-02-22T23:23:02Z,3332,4
jvm-tools,{'login': 'aragozin'},2012-04-28T09:28:32Z,2025-03-14T18:21:48Z,3327,0
Toaster,{'login': 'getActivity'},2018-09-16T05:28:57Z,2025-03-15T15:39:58Z,3325,33
ScalingLayout,{'login': 'iammert'},2017-10-01T12:28:34Z,2025-03-10T02:53:29Z,3321,4
archi,{'login': 'ivacf'},2015-09-11T16:13:34Z,2025-02-18T11:44:37Z,3320,0
uncle-novel,{'login': 'uncle-novel'},2018-12-11T12:15:30Z,2025-03-15T12:33:17Z,3310,1
concurrency-limits,{'login': 'Netflix'},2017-12-11T19:32:41Z,2025-03-13T01:02:42Z,3307,102
SuperTextView,{'login': 'chenBingX'},2017-04-17T11:32:41Z,2025-03-11T21:59:26Z,3306,33
99-problems,{'login': 'shekhargulati'},2015-11-22T05:56:33Z,2025-03-04T17:04:16Z,3304,0
PRDownloader,{'login': 'amitshekhariitbhu'},2017-11-11T19:29:38Z,2025-03-14T06:37:04Z,3303,8
igniter,{'login': 'trojan-gfw'},2018-11-08T22:19:03Z,2025-03-06T04:16:56Z,3302,33
