name,owner,stargazerCount,createdAt,updatedAt,url,mergedPRs,closedPRs,totalPRs
freeCodeCamp,{'login': 'freeCodeCamp'},416294,2014-12-24T17:49:19Z,2025-04-12T19:09:03Z,https://github.com/freeCodeCamp/freeCodeCamp,24772.0,14858.0,39630.0
build-your-own-x,{'login': 'codecrafters-io'},370501,2018-05-09T12:03:18Z,2025-04-12T19:02:36Z,https://github.com/codecrafters-io/build-your-own-x,141.0,139.0,280.0
awesome,{'login': 'sindresorhus'},355750,2014-07-11T13:42:37Z,2025-04-12T19:10:17Z,https://github.com/sindresorhus/awesome,665.0,1408.0,2073.0
free-programming-books,{'login': 'EbookFoundation'},354788,2013-10-11T06:50:37Z,2025-04-12T18:34:55Z,https://github.com/EbookFoundation/free-programming-books,6797.0,3615.0,10412.0
public-apis,{'login': 'public-apis'},335488,2016-03-20T23:49:42Z,2025-04-12T18:56:45Z,https://github.com/public-apis/public-apis,1872.0,1091.0,2963.0
coding-interview-university,{'login': 'jwasham'},314247,2016-06-06T02:34:12Z,2025-04-12T17:12:15Z,https://github.com/jwasham/coding-interview-university,415.0,591.0,1006.0
developer-roadmap,{'login': 'kamranahmedse'},313604,2017-03-15T13:45:52Z,2025-04-12T19:09:58Z,https://github.com/kamranahmedse/developer-roadmap,3430.0,1586.0,5016.0
system-design-primer,{'login': 'donnemartin'},296138,2017-02-26T16:15:28Z,2025-04-12T18:49:09Z,https://github.com/donnemartin/system-design-primer,199.0,130.0,329.0
996.ICU,{'login': '996icu'},270519,2019-03-26T07:31:14Z,2025-04-12T16:09:40Z,https://github.com/996icu/996.ICU,1068.0,915.0,1983.0
awesome-python,{'login': 'vinta'},240215,2014-06-27T21:00:06Z,2025-04-12T18:45:20Z,https://github.com/vinta/awesome-python,543.0,1004.0,1547.0
react,{'login': 'facebook'},234472,2013-05-24T16:15:54Z,2025-04-12T18:14:23Z,https://github.com/facebook/react,11591.0,5378.0,16969.0
awesome-selfhosted,{'login': 'awesome-selfhosted'},224362,2015-06-01T02:33:17Z,2025-04-12T18:55:17Z,https://github.com/awesome-selfhosted/awesome-selfhosted,2393.0,643.0,3036.0
project-based-learning,{'login': 'practical-tutorials'},224063,2017-04-12T05:07:46Z,2025-04-12T19:06:15Z,https://github.com/practical-tutorials/project-based-learning,182.0,173.0,355.0
vue,{'login': 'vuejs'},208690,2013-07-29T03:24:51Z,2025-04-12T18:15:07Z,https://github.com/vuejs/vue,1136.0,1185.0,2321.0
Python,{'login': 'TheAlgorithms'},199354,2016-07-16T09:44:01Z,2025-04-12T19:09:10Z,https://github.com/TheAlgorithms/Python,2931.0,7267.0,10198.0
linux,{'login': 'torvalds'},191499,2011-09-04T22:48:12Z,2025-04-12T19:01:27Z,https://github.com/torvalds/linux,10.0,629.0,639.0
javascript-algorithms,{'login': 'trekhleb'},190914,2018-03-24T07:47:04Z,2025-04-12T18:37:44Z,https://github.com/trekhleb/javascript-algorithms,302.0,243.0,545.0
tensorflow,{'login': 'tensorflow'},189348,2015-11-07T01:19:20Z,2025-04-12T18:25:01Z,https://github.com/tensorflow/tensorflow,31246.0,10168.0,41414.0
You-Dont-Know-JS,{'login': 'getify'},181726,2013-11-16T02:37:24Z,2025-04-12T19:05:18Z,https://github.com/getify/You-Dont-Know-JS,368.0,479.0,847.0
CS-Notes,{'login': 'CyC2018'},179734,2018-02-13T14:56:24Z,2025-04-12T17:28:01Z,https://github.com/CyC2018/CS-Notes,374.0,180.0,554.0
computer-science,{'login': 'ossu'},178022,2014-05-04T00:18:39Z,2025-04-12T18:39:15Z,https://github.com/ossu/computer-science,288.0,180.0,468.0
ohmyzsh,{'login': 'ohmyzsh'},177585,2009-08-28T18:15:37Z,2025-04-12T19:02:57Z,https://github.com/ohmyzsh/ohmyzsh,3311.0,3910.0,7221.0
AutoGPT,{'login': 'Significant-Gravitas'},174374,2023-03-16T09:21:07Z,2025-04-12T18:35:57Z,https://github.com/Significant-Gravitas/AutoGPT,2740.0,2577.0,5317.0
bootstrap,{'login': 'twbs'},172155,2011-07-29T21:19:00Z,2025-04-12T18:59:48Z,https://github.com/twbs/bootstrap,8882.0,6504.0,15386.0
vscode,{'login': 'microsoft'},169954,2015-09-03T20:23:38Z,2025-04-12T18:29:46Z,https://github.com/microsoft/vscode,32896.0,5223.0,38119.0
flutter,{'login': 'flutter'},169717,2015-03-06T22:54:58Z,2025-04-12T18:22:55Z,https://github.com/flutter/flutter,41760.0,18445.0,60205.0
gitignore,{'login': 'github'},165672,2010-11-08T20:17:14Z,2025-04-12T18:57:15Z,https://github.com/github/gitignore,1581.0,2442.0,4023.0
Python-100-Days,{'login': 'jackfrued'},163939,2018-03-01T16:05:52Z,2025-04-12T18:58:15Z,https://github.com/jackfrued/Python-100-Days,13.0,187.0,200.0
the-book-of-secret-knowledge,{'login': 'trimstray'},162995,2018-06-23T10:43:14Z,2025-04-12T18:55:23Z,https://github.com/trimstray/the-book-of-secret-knowledge,122.0,96.0,218.0
the-art-of-command-line,{'login': 'jlevy'},155531,2015-05-20T15:11:03Z,2025-04-12T18:04:05Z,https://github.com/jlevy/the-art-of-command-line,317.0,149.0,466.0
stable-diffusion-webui,{'login': 'AUTOMATIC1111'},151030,2022-08-22T14:05:26Z,2025-04-12T18:45:31Z,https://github.com/AUTOMATIC1111/stable-diffusion-webui,1874.0,1304.0,3178.0
JavaGuide,{'login': 'Snailclimb'},149157,2018-05-07T13:27:00Z,2025-04-12T16:13:40Z,https://github.com/Snailclimb/JavaGuide,1153.0,311.0,1464.0
javascript,{'login': 'airbnb'},146521,2012-11-01T23:13:50Z,2025-04-12T19:06:22Z,https://github.com/airbnb/javascript,811.0,758.0,1569.0
transformers,{'login': 'huggingface'},142848,2018-10-29T13:56:00Z,2025-04-12T18:44:15Z,https://github.com/huggingface/transformers,15118.0,4081.0,19199.0
awesome-go,{'login': 'avelino'},141688,2014-07-06T13:42:15Z,2025-04-12T19:08:54Z,https://github.com/avelino/awesome-go,3411.0,1291.0,4702.0
ollama,{'login': 'ollama'},137031,2023-06-26T19:39:32Z,2025-04-12T19:09:09Z,https://github.com/ollama/ollama,2180.0,851.0,3031.0
youtube-dl,{'login': 'ytdl-org'},135078,2010-10-31T14:35:07Z,2025-04-12T18:36:59Z,https://github.com/ytdl-org/youtube-dl,1642.0,2827.0,4469.0
next.js,{'login': 'vercel'},131004,2016-10-05T23:32:51Z,2025-04-12T19:04:44Z,https://github.com/vercel/next.js,21632.0,5970.0,27602.0
fucking-algorithm,{'login': 'labuladong'},127562,2020-02-19T09:01:23Z,2025-04-12T17:22:55Z,https://github.com/labuladong/fucking-algorithm,238.0,226.0,464.0
go,{'login': 'golang'},127128,2014-08-19T04:33:40Z,2025-04-12T18:21:45Z,https://github.com/golang/go,1.0,4132.0,4133.0
tech-interview-handbook,{'login': 'yangshun'},125207,2016-07-05T05:00:48Z,2025-04-12T19:04:48Z,https://github.com/yangshun/tech-interview-handbook,467.0,74.0,541.0
30-seconds-of-code,{'login': 'Chalarangelo'},123360,2017-11-29T17:35:03Z,2025-04-12T19:08:29Z,https://github.com/Chalarangelo/30-seconds-of-code,823.0,797.0,1620.0
awesome-chatgpt-prompts,{'login': 'f'},122886,2022-12-05T13:54:13Z,2025-04-12T18:57:00Z,https://github.com/f/awesome-chatgpt-prompts,160.0,251.0,411.0
react-native,{'login': 'facebook'},121495,2015-01-09T18:10:16Z,2025-04-12T16:45:54Z,https://github.com/facebook/react-native,902.0,20653.0,21555.0
scrcpy,{'login': 'Genymobile'},120462,2017-11-21T18:00:27Z,2025-04-12T17:44:12Z,https://github.com/Genymobile/scrcpy,110.0,371.0,481.0
PowerToys,{'login': 'microsoft'},117305,2019-05-01T17:44:02Z,2025-04-12T18:58:16Z,https://github.com/microsoft/PowerToys,5213.0,678.0,5891.0
electron,{'login': 'electron'},116329,2013-04-12T01:47:36Z,2025-04-12T18:37:38Z,https://github.com/electron/electron,22210.0,2734.0,24944.0
kubernetes,{'login': 'kubernetes'},114354,2014-06-06T22:56:04Z,2025-04-12T18:21:42Z,https://github.com/kubernetes/kubernetes,61162.0,21932.0,83094.0
free-programming-books-zh_CN,{'login': 'justjavac'},113327,2013-11-04T01:59:19Z,2025-04-12T18:35:06Z,https://github.com/justjavac/free-programming-books-zh_CN,282.0,156.0,438.0
hello-algo,{'login': 'krahets'},111496,2022-11-04T11:08:34Z,2025-04-12T18:21:30Z,https://github.com/krahets/hello-algo,919.0,224.0,1143.0
node,{'login': 'nodejs'},110590,2014-11-26T19:57:11Z,2025-04-12T18:27:17Z,https://github.com/nodejs/node,10047.0,25975.0,36022.0
d3,{'login': 'd3'},110352,2010-09-27T17:22:42Z,2025-04-12T18:29:57Z,https://github.com/d3/d3,492.0,690.0,1182.0
yt-dlp,{'login': 'yt-dlp'},107430,2020-10-26T04:22:55Z,2025-04-12T19:10:36Z,https://github.com/yt-dlp/yt-dlp,2616.0,643.0,3259.0
axios,{'login': 'axios'},106669,2014-08-18T22:30:27Z,2025-04-12T15:53:53Z,https://github.com/axios/axios,956.0,742.0,1698.0
three.js,{'login': 'mrdoob'},105655,2010-03-23T18:58:01Z,2025-04-12T17:18:59Z,https://github.com/mrdoob/three.js,13914.0,3707.0,17621.0
langchain,{'login': 'langchain-ai'},105485,2022-10-17T02:58:36Z,2025-04-12T19:07:32Z,https://github.com/langchain-ai/langchain,13621.0,3756.0,17377.0
TypeScript,{'login': 'microsoft'},103982,2014-06-17T15:28:39Z,2025-04-12T16:18:33Z,https://github.com/microsoft/TypeScript,14579.0,3432.0,18011.0
create-react-app,{'login': 'facebook'},103137,2016-07-17T14:55:11Z,2025-04-12T17:31:52Z,https://github.com/facebook/create-react-app,1949.0,1877.0,3826.0
rust,{'login': 'rust-lang'},102646,2010-06-16T20:39:03Z,2025-04-12T18:24:12Z,https://github.com/rust-lang/rust,62510.0,18626.0,81136.0
deno,{'login': 'denoland'},102571,2018-05-15T01:34:26Z,2025-04-12T19:09:30Z,https://github.com/denoland/deno,12593.0,2420.0,15013.0
nodebestpractices,{'login': 'goldbergyoni'},102326,2017-09-15T08:33:19Z,2025-04-12T16:52:04Z,https://github.com/goldbergyoni/nodebestpractices,765.0,161.0,926.0
terminal,{'login': 'microsoft'},97685,2017-08-11T18:38:22Z,2025-04-12T13:54:47Z,https://github.com/microsoft/terminal,4054.0,521.0,4575.0
angular,{'login': 'angular'},97473,2014-09-18T16:12:01Z,2025-04-12T18:24:14Z,https://github.com/angular/angular,3724.0,26222.0,29946.0
excalidraw,{'login': 'excalidraw'},97261,2020-01-02T01:04:43Z,2025-04-12T19:09:16Z,https://github.com/excalidraw/excalidraw,3599.0,953.0,4552.0
godot,{'login': 'godotengine'},96093,2014-01-04T16:05:36Z,2025-04-12T18:24:34Z,https://github.com/godotengine/godot,37064.0,7415.0,44479.0
material-ui,{'login': 'mui'},95326,2014-08-18T19:11:54Z,2025-04-12T17:18:32Z,https://github.com/mui/material-ui,20232.0,4229.0,24461.0
free-for-dev,{'login': 'ripienaar'},94561,2015-03-18T21:06:26Z,2025-04-12T17:58:39Z,https://github.com/ripienaar/free-for-dev,2676.0,849.0,3525.0
ant-design,{'login': 'ant-design'},94231,2015-04-24T15:37:24Z,2025-04-12T17:08:33Z,https://github.com/ant-design/ant-design,15208.0,4137.0,19345.0
clean-code-javascript,{'login': 'ryanmcdermott'},92763,2016-11-25T22:25:41Z,2025-04-12T15:57:35Z,https://github.com/ryanmcdermott/clean-code-javascript,149.0,105.0,254.0
frp,{'login': 'fatedier'},92553,2015-12-21T15:24:59Z,2025-04-12T18:58:14Z,https://github.com/fatedier/frp,657.0,289.0,946.0
iptv,{'login': 'iptv-org'},92345,2018-11-14T22:00:57Z,2025-04-12T18:34:48Z,https://github.com/iptv-org/iptv,6547.0,788.0,7335.0
papers-we-love,{'login': 'papers-we-love'},92304,2013-12-15T14:31:41Z,2025-04-12T16:48:18Z,https://github.com/papers-we-love/papers-we-love,436.0,85.0,521.0
thefuck,{'login': 'nvbn'},91410,2015-04-08T15:08:04Z,2025-04-12T16:06:26Z,https://github.com/nvbn/thefuck,481.0,130.0,611.0
tauri,{'login': 'tauri-apps'},91392,2019-07-13T09:09:37Z,2025-04-12T19:01:50Z,https://github.com/tauri-apps/tauri,4930.0,650.0,5580.0
dify,{'login': 'langgenius'},91316,2023-04-12T07:40:24Z,2025-04-12T19:10:28Z,https://github.com/langgenius/dify,5541.0,916.0,6457.0
java-design-patterns,{'login': 'iluwatar'},91279,2014-08-09T16:45:18Z,2025-04-12T19:06:51Z,https://github.com/iluwatar/java-design-patterns,1490.0,757.0,2247.0
puppeteer,{'login': 'puppeteer'},90347,2017-05-09T22:16:13Z,2025-04-12T19:07:04Z,https://github.com/puppeteer/puppeteer,5215.0,1263.0,6478.0
vue-element-admin,{'login': 'PanJiaChen'},89099,2017-04-17T03:35:49Z,2025-04-12T16:10:21Z,https://github.com/PanJiaChen/vue-element-admin,311.0,168.0,479.0
open-webui,{'login': 'open-webui'},89073,2023-10-06T22:08:27Z,2025-04-12T19:00:03Z,https://github.com/open-webui/open-webui,1963.0,925.0,2888.0
neovim,{'login': 'neovim'},88572,2014-01-31T13:39:22Z,2025-04-12T19:10:37Z,https://github.com/neovim/neovim,15064.0,4702.0,19766.0
Web-Dev-For-Beginners,{'login': 'microsoft'},87255,2020-11-10T02:44:00Z,2025-04-12T18:59:33Z,https://github.com/microsoft/Web-Dev-For-Beginners,499.0,326.0,825.0
tailwindcss,{'login': 'tailwindlabs'},87089,2017-10-06T14:59:14Z,2025-04-12T18:19:24Z,https://github.com/tailwindlabs/tailwindcss,2902.0,691.0,3593.0
rustdesk,{'login': 'rustdesk'},86672,2020-09-28T15:36:08Z,2025-04-12T19:09:33Z,https://github.com/rustdesk/rustdesk,3403.0,620.0,4023.0
storybook,{'login': 'storybookjs'},86347,2016-03-18T04:23:44Z,2025-04-12T19:08:22Z,https://github.com/storybookjs/storybook,10959.0,2549.0,13508.0
ui,{'login': 'shadcn-ui'},85202,2023-01-04T12:43:27Z,2025-04-12T18:35:54Z,https://github.com/shadcn-ui/ui,547.0,743.0,1290.0
nvm,{'login': 'nvm-sh'},83906,2010-04-15T17:47:47Z,2025-04-12T17:51:36Z,https://github.com/nvm-sh/nvm,726.0,344.0,1070.0
fastapi,{'login': 'fastapi'},83187,2018-12-08T08:21:47Z,2025-04-12T18:58:15Z,https://github.com/fastapi/fastapi,2610.0,1540.0,4150.0
django,{'login': 'django'},83128,2012-04-28T02:47:18Z,2025-04-12T18:56:00Z,https://github.com/django/django,9637.0,9364.0,19001.0
app-ideas,{'login': 'florinpop17'},82882,2019-02-25T18:36:56Z,2025-04-12T18:37:35Z,https://github.com/florinpop17/app-ideas,149.0,202.0,351.0
bitcoin,{'login': 'bitcoin'},82867,2010-12-19T15:16:43Z,2025-04-12T19:01:35Z,https://github.com/bitcoin/bitcoin,15076.0,6845.0,21921.0
NextChat,{'login': 'ChatGPTNextWeb'},82685,2023-03-10T18:27:54Z,2025-04-12T17:55:42Z,https://github.com/ChatGPTNextWeb/NextChat,877.0,1554.0,2431.0
svelte,{'login': 'sveltejs'},82213,2016-11-20T18:13:05Z,2025-04-12T16:26:49Z,https://github.com/sveltejs/svelte,5620.0,1209.0,6829.0
awesome-mac,{'login': 'jaywcjlove'},81910,2016-07-17T15:33:47Z,2025-04-12T18:55:51Z,https://github.com/jaywcjlove/awesome-mac,960.0,113.0,1073.0
gin,{'login': 'gin-gonic'},81690,2014-06-16T23:57:25Z,2025-04-12T18:02:35Z,https://github.com/gin-gonic/gin,1057.0,610.0,1667.0
opencv,{'login': 'opencv'},81645,2012-07-19T09:40:17Z,2025-04-12T15:46:13Z,https://github.com/opencv/opencv,12838.0,2966.0,15804.0
animate.css,{'login': 'animate-css'},81558,2011-10-12T10:07:38Z,2025-04-12T17:32:38Z,https://github.com/animate-css/animate.css,315.0,575.0,890.0
realworld,{'login': 'gothinkster'},81432,2016-02-26T20:49:53Z,2025-04-12T17:59:23Z,https://github.com/gothinkster/realworld,433.0,422.0,855.0
supabase,{'login': 'supabase'},80815,2019-10-12T05:56:49Z,2025-04-12T18:45:20Z,https://github.com/supabase/supabase,11675.0,1953.0,13628.0
laravel,{'login': 'laravel'},80563,2011-06-08T03:06:08Z,2025-04-12T17:05:56Z,https://github.com/laravel/laravel,1620.0,3314.0,4934.0
whisper,{'login': 'openai'},79838,2022-09-16T20:02:54Z,2025-04-12T17:18:36Z,https://github.com/openai/whisper,110.0,93.0,203.0
n8n,{'login': 'n8n-io'},79432,2019-06-22T09:24:21Z,2025-04-12T19:09:18Z,https://github.com/n8n-io/n8n,9159.0,1953.0,11112.0
hugo,{'login': 'gohugoio'},79415,2013-07-04T15:26:26Z,2025-04-12T17:57:56Z,https://github.com/gohugoio/hugo,2845.0,2857.0,5702.0
generative-ai-for-beginners,{'login': 'microsoft'},78182,2023-06-19T16:28:59Z,2025-04-12T19:06:23Z,https://github.com/microsoft/generative-ai-for-beginners,329.0,115.0,444.0
core,{'login': 'home-assistant'},78040,2013-09-17T07:29:48Z,2025-04-12T19:04:14Z,https://github.com/home-assistant/core,71602.0,10818.0,82420.0
llama.cpp,{'login': 'ggml-org'},78013,2023-03-10T18:58:00Z,2025-04-12T17:13:55Z,https://github.com/ggml-org/llama.cpp,4442.0,933.0,5375.0
v2rayN,{'login': '2dust'},78009,2019-07-30T03:47:24Z,2025-04-12T18:33:54Z,https://github.com/2dust/v2rayN,222.0,197.0,419.0
mermaid,{'login': 'mermaid-js'},78008,2014-11-01T23:52:32Z,2025-04-12T19:08:57Z,https://github.com/mermaid-js/mermaid,2297.0,427.0,2724.0
models,{'login': 'tensorflow'},77484,2016-02-05T01:15:20Z,2025-04-12T14:25:10Z,https://github.com/tensorflow/models,2340.0,1326.0,3666.0
bun,{'login': 'oven-sh'},77444,2021-04-14T00:48:17Z,2025-04-12T18:58:19Z,https://github.com/oven-sh/bun,5120.0,1146.0,6266.0
spring-boot,{'login': 'spring-projects'},76790,2012-10-19T15:02:57Z,2025-04-12T19:06:36Z,https://github.com/spring-projects/spring-boot,42.0,6768.0,6810.0
manim,{'login': '3b1b'},76723,2015-03-22T18:50:58Z,2025-04-12T18:31:38Z,https://github.com/3b1b/manim,630.0,229.0,859.0
Font-Awesome,{'login': 'FortAwesome'},74922,2012-02-17T14:19:43Z,2025-04-12T18:13:07Z,https://github.com/FortAwesome/Font-Awesome,209.0,468.0,677.0
awesome-interview-questions,{'login': 'DopplerHQ'},74303,2015-11-28T09:48:17Z,2025-04-12T18:55:58Z,https://github.com/DopplerHQ/awesome-interview-questions,176.0,34.0,210.0
netdata,{'login': 'netdata'},74065,2013-06-17T18:39:10Z,2025-04-12T15:42:28Z,https://github.com/netdata/netdata,10339.0,1115.0,11454.0
ComfyUI,{'login': 'comfyanonymous'},74027,2023-01-17T03:15:56Z,2025-04-12T19:04:59Z,https://github.com/comfyanonymous/ComfyUI,711.0,556.0,1267.0
json-server,{'login': 'typicode'},74002,2013-11-27T13:21:13Z,2025-04-12T14:14:59Z,https://github.com/typicode/json-server,121.0,199.0,320.0
devops-exercises,{'login': 'bregman-arie'},73394,2019-10-03T17:31:21Z,2025-04-12T19:06:45Z,https://github.com/bregman-arie/devops-exercises,291.0,98.0,389.0
awesome-for-beginners,{'login': 'MunGell'},73118,2015-10-24T19:53:36Z,2025-04-12T18:29:17Z,https://github.com/MunGell/awesome-for-beginners,434.0,954.0,1388.0
gpt4all,{'login': 'nomic-ai'},73079,2023-03-27T18:49:32Z,2025-04-12T17:14:04Z,https://github.com/nomic-ai/gpt4all,937.0,214.0,1151.0
awesome-vue,{'login': 'vuejs'},72775,2015-10-20T00:16:14Z,2025-04-12T18:58:14Z,https://github.com/vuejs/awesome-vue,3552.0,382.0,3934.0
github-readme-stats,{'login': 'anuraghazra'},72489,2020-07-09T10:34:22Z,2025-04-12T18:58:18Z,https://github.com/anuraghazra/github-readme-stats,1252.0,1036.0,2288.0
elasticsearch,{'login': 'elastic'},72324,2010-02-08T13:20:56Z,2025-04-12T16:49:45Z,https://github.com/elastic/elasticsearch,76204.0,10257.0,86461.0
vite,{'login': 'vitejs'},72048,2020-04-21T05:03:57Z,2025-04-12T19:06:44Z,https://github.com/vitejs/vite,5235.0,1498.0,6733.0
ML-For-Beginners,{'login': 'microsoft'},71809,2021-03-03T01:34:05Z,2025-04-12T18:58:18Z,https://github.com/microsoft/ML-For-Beginners,371.0,150.0,521.0
playwright,{'login': 'microsoft'},71590,2019-11-15T18:32:42Z,2025-04-12T19:06:32Z,https://github.com/microsoft/playwright,14353.0,2028.0,16381.0
hoppscotch,{'login': 'hoppscotch'},71077,2019-08-21T13:15:24Z,2025-04-12T18:51:51Z,https://github.com/hoppscotch/hoppscotch,1736.0,871.0,2607.0
code-server,{'login': 'coder'},70804,2019-02-27T16:50:41Z,2025-04-12T18:25:51Z,https://github.com/coder/code-server,1529.0,429.0,1958.0
nest,{'login': 'nestjs'},70402,2017-02-04T20:12:52Z,2025-04-12T18:41:34Z,https://github.com/nestjs/nest,6994.0,1984.0,8978.0
HowToCook,{'login': 'Anduin2017'},70277,2020-02-29T10:43:49Z,2025-04-12T18:58:17Z,https://github.com/Anduin2017/HowToCook,521.0,180.0,701.0
Front-End-Checklist,{'login': 'thedaviddias'},69842,2017-10-16T10:12:36Z,2025-04-12T19:08:03Z,https://github.com/thedaviddias/Front-End-Checklist,179.0,128.0,307.0
moby,{'login': 'moby'},69540,2013-01-18T18:10:57Z,2025-04-12T19:03:44Z,https://github.com/moby/moby,20896.0,4913.0,25809.0
fzf,{'login': 'junegunn'},69361,2013-10-23T16:04:23Z,2025-04-12T18:17:39Z,https://github.com/junegunn/fzf,567.0,390.0,957.0
syncthing,{'login': 'syncthing'},69354,2013-11-26T09:48:21Z,2025-04-12T18:24:31Z,https://github.com/syncthing/syncthing,2654.0,1705.0,4359.0
flask,{'login': 'pallets'},69287,2010-04-06T11:11:59Z,2025-04-12T15:32:20Z,https://github.com/pallets/flask,1598.0,1038.0,2636.0
reveal.js,{'login': 'hakimel'},68687,2011-06-07T18:54:22Z,2025-04-12T18:45:51Z,https://github.com/hakimel/reveal.js,410.0,612.0,1022.0
redis,{'login': 'redis'},68659,2009-03-21T22:32:25Z,2025-04-12T17:52:46Z,https://github.com/redis/redis,3990.0,2435.0,6425.0
cs-video-courses,{'login': 'Developer-Y'},68475,2016-10-21T17:02:11Z,2025-04-12T19:08:51Z,https://github.com/Developer-Y/cs-video-courses,202.0,50.0,252.0
swift,{'login': 'swiftlang'},68434,2015-10-23T21:15:07Z,2025-04-12T18:51:49Z,https://github.com/swiftlang/swift,53223.0,6443.0,59666.0
d2l-zh,{'login': 'd2l-ai'},68369,2017-08-23T04:40:24Z,2025-04-12T18:27:32Z,https://github.com/d2l-ai/d2l-zh,1019.0,241.0,1260.0
gpt_academic,{'login': 'binary-husky'},68166,2023-03-20T09:05:13Z,2025-04-12T17:18:57Z,https://github.com/binary-husky/gpt_academic,225.0,103.0,328.0
awesome-react,{'login': 'enaqx'},67611,2014-08-06T05:31:44Z,2025-04-12T18:05:13Z,https://github.com/enaqx/awesome-react,780.0,522.0,1302.0
awesome-machine-learning,{'login': 'josephmisiti'},67558,2014-07-15T19:11:19Z,2025-04-12T17:41:30Z,https://github.com/josephmisiti/awesome-machine-learning,849.0,65.0,914.0
grafana,{'login': 'grafana'},67468,2013-12-11T15:59:56Z,2025-04-12T18:52:01Z,https://github.com/grafana/grafana,52945.0,8110.0,61055.0
protobuf,{'login': 'protocolbuffers'},67250,2014-08-26T15:52:15Z,2025-04-12T19:08:11Z,https://github.com/protocolbuffers/protobuf,7152.0,7258.0,14410.0
uptime-kuma,{'login': 'louislam'},67070,2021-07-03T01:02:42Z,2025-04-12T17:53:23Z,https://github.com/louislam/uptime-kuma,1245.0,384.0,1629.0
express,{'login': 'expressjs'},66721,2009-06-26T18:56:01Z,2025-04-12T17:46:16Z,https://github.com/expressjs/express,431.0,1389.0,1820.0
Best-websites-a-programmer-should-visit,{'login': 'sdmg15'},66563,2017-03-05T20:25:17Z,2025-04-12T17:28:11Z,https://github.com/sdmg15/Best-websites-a-programmer-should-visit,429.0,525.0,954.0
cpython,{'login': 'python'},66272,2017-02-10T19:23:51Z,2025-04-12T18:21:44Z,https://github.com/python/cpython,49619.0,8396.0,58015.0
strapi,{'login': 'strapi'},66080,2015-09-30T15:34:48Z,2025-04-12T18:37:15Z,https://github.com/strapi/strapi,8870.0,2382.0,11252.0
tesseract,{'login': 'tesseract-ocr'},66072,2014-08-12T18:04:59Z,2025-04-12T17:22:03Z,https://github.com/tesseract-ocr/tesseract,1403.0,224.0,1627.0
Ventoy,{'login': 'ventoy'},66021,2020-03-10T15:19:19Z,2025-04-12T18:06:07Z,https://github.com/ventoy/Ventoy,280.0,149.0,429.0
Chart.js,{'login': 'chartjs'},65691,2013-03-17T23:56:36Z,2025-04-12T16:40:20Z,https://github.com/chartjs/Chart.js,2985.0,843.0,3828.0
superset,{'login': 'apache'},65652,2015-07-21T18:55:34Z,2025-04-12T19:08:48Z,https://github.com/apache/superset,14174.0,3744.0,17918.0
webpack,{'login': 'webpack'},65189,2012-03-10T10:08:14Z,2025-04-12T17:23:11Z,https://github.com/webpack/webpack,4897.0,2300.0,7197.0
33-js-concepts,{'login': 'leonardomso'},65013,2018-09-04T13:27:04Z,2025-04-12T16:09:16Z,https://github.com/leonardomso/33-js-concepts,250.0,147.0,397.0
ansible,{'login': 'ansible'},64704,2012-03-06T14:58:02Z,2025-04-12T15:56:20Z,https://github.com/ansible/ansible,38823.0,12711.0,51534.0
PayloadsAllTheThings,{'login': 'swisskyrepo'},64589,2016-10-18T07:29:07Z,2025-04-12T18:42:26Z,https://github.com/swisskyrepo/PayloadsAllTheThings,540.0,133.0,673.0
imgui,{'login': 'ocornut'},64572,2014-07-21T14:29:47Z,2025-04-12T19:02:18Z,https://github.com/ocornut/imgui,391.0,955.0,1346.0
gpt4free,{'login': 'xtekky'},64018,2023-03-29T17:00:43Z,2025-04-12T15:50:50Z,https://github.com/xtekky/gpt4free,768.0,186.0,954.0
javascript-questions,{'login': 'lydiahallie'},63748,2019-06-12T08:26:27Z,2025-04-12T18:51:35Z,https://github.com/lydiahallie/javascript-questions,328.0,188.0,516.0
sherlock,{'login': 'sherlock-project'},63593,2018-12-24T14:30:48Z,2025-04-12T18:48:47Z,https://github.com/sherlock-project/sherlock,640.0,426.0,1066.0
obs-studio,{'login': 'obsproject'},63466,2013-10-01T02:40:31Z,2025-04-12T18:46:11Z,https://github.com/obsproject/obs-studio,5044.0,1814.0,6858.0
immich,{'login': 'immich-app'},63432,2022-02-03T15:56:27Z,2025-04-12T18:57:48Z,https://github.com/immich-app/immich,5964.0,887.0,6851.0
caddy,{'login': 'caddyserver'},63306,2015-01-13T19:45:03Z,2025-04-12T18:24:18Z,https://github.com/caddyserver/caddy,2058.0,438.0,2496.0
echarts,{'login': 'apache'},63147,2013-04-03T03:18:59Z,2025-04-12T18:22:08Z,https://github.com/apache/echarts,1376.0,447.0,1823.0
the-algorithm,{'login': 'twitter'},63078,2023-03-27T14:57:57Z,2025-04-12T18:58:21Z,https://github.com/twitter/the-algorithm,2.0,350.0,352.0
tabby,{'login': 'Eugeny'},62993,2016-12-23T09:06:10Z,2025-04-12T18:28:37Z,https://github.com/Eugeny/tabby,1480.0,2459.0,3939.0
awesome-cpp,{'login': 'fffaraz'},62970,2014-07-17T08:51:11Z,2025-04-12T18:20:07Z,https://github.com/fffaraz/awesome-cpp,782.0,187.0,969.0
keras,{'login': 'keras-team'},62861,2015-03-28T00:35:42Z,2025-04-12T14:50:38Z,https://github.com/keras-team/keras,4020.0,3899.0,7919.0
awesome-public-datasets,{'login': 'awesomedata'},62795,2014-11-20T06:20:50Z,2025-04-12T15:57:34Z,https://github.com/awesomedata/awesome-public-datasets,188.0,101.0,289.0
openai-cookbook,{'login': 'openai'},62766,2022-03-11T02:08:53Z,2025-04-12T18:56:30Z,https://github.com/openai/openai-cookbook,696.0,308.0,1004.0
sway,{'login': 'FuelLabs'},62357,2021-01-19T20:54:33Z,2025-04-12T17:31:40Z,https://github.com/FuelLabs/sway,3347.0,431.0,3778.0
SecLists,{'login': 'danielmiessler'},62053,2012-02-19T01:30:18Z,2025-04-12T16:56:57Z,https://github.com/danielmiessler/SecLists,664.0,180.0,844.0
AppFlowy,{'login': 'AppFlowy-IO'},62046,2021-06-16T12:56:48Z,2025-04-12T18:16:30Z,https://github.com/AppFlowy-IO/AppFlowy,3680.0,429.0,4109.0
cs-self-learning,{'login': 'PKUFlyingPig'},62006,2021-10-20T13:43:42Z,2025-04-12T17:31:33Z,https://github.com/PKUFlyingPig/cs-self-learning,276.0,45.0,321.0
socket.io,{'login': 'socketio'},61899,2010-03-11T18:24:48Z,2025-04-12T13:10:24Z,https://github.com/socketio/socket.io,435.0,431.0,866.0
scikit-learn,{'login': 'scikit-learn'},61714,2010-08-17T09:43:38Z,2025-04-12T18:34:57Z,https://github.com/scikit-learn/scikit-learn,13058.0,4986.0,18044.0
Apollo-11,{'login': 'chrislgarry'},61603,2014-04-03T15:45:02Z,2025-04-12T16:28:59Z,https://github.com/chrislgarry/Apollo-11,343.0,120.0,463.0
Java,{'login': 'TheAlgorithms'},61316,2016-07-16T10:21:02Z,2025-04-12T19:01:13Z,https://github.com/TheAlgorithms/Java,1871.0,2971.0,4842.0
redux,{'login': 'reduxjs'},61144,2015-05-29T23:53:15Z,2025-04-11T14:38:58Z,https://github.com/reduxjs/redux,1713.0,859.0,2572.0
awesome-nodejs,{'login': 'sindresorhus'},60549,2014-07-11T13:35:34Z,2025-04-12T16:58:38Z,https://github.com/sindresorhus/awesome-nodejs,416.0,698.0,1114.0
design-resources-for-developers,{'login': 'bradtraversy'},60392,2020-05-06T14:40:35Z,2025-04-12T18:07:04Z,https://github.com/bradtraversy/design-resources-for-developers,940.0,423.0,1363.0
atom,{'login': 'atom'},60384,2012-01-20T18:18:21Z,2025-04-12T14:56:40Z,https://github.com/atom/atom,3937.0,1312.0,5249.0
lodash,{'login': 'lodash'},60328,2012-04-07T04:11:46Z,2025-04-12T08:01:34Z,https://github.com/lodash/lodash,581.0,832.0,1413.0
Front-end-Developer-Interview-Questions,{'login': 'h5bp'},60229,2012-02-09T23:34:10Z,2025-04-12T13:56:39Z,https://github.com/h5bp/Front-end-Developer-Interview-Questions,484.0,218.0,702.0
localsend,{'login': 'localsend'},59954,2022-12-16T00:46:07Z,2025-04-12T18:57:58Z,https://github.com/localsend/localsend,660.0,78.0,738.0
awesome-courses,{'login': 'prakhar1989'},59935,2014-11-15T18:36:49Z,2025-04-12T18:33:08Z,https://github.com/prakhar1989/awesome-courses,194.0,57.0,251.0
jquery,{'login': 'jquery'},59482,2009-04-03T15:20:14Z,2025-04-12T15:45:33Z,https://github.com/jquery/jquery,792.0,2278.0,3070.0
docusaurus,{'login': 'facebook'},59314,2017-06-20T16:13:53Z,2025-04-12T18:25:04Z,https://github.com/facebook/docusaurus,5395.0,962.0,6357.0
act,{'login': 'nektos'},59269,2019-01-02T19:53:43Z,2025-04-12T17:34:59Z,https://github.com/nektos/act,1023.0,212.0,1235.0
open-interpreter,{'login': 'OpenInterpreter'},59074,2023-07-14T07:10:44Z,2025-04-12T18:31:46Z,https://github.com/OpenInterpreter/open-interpreter,371.0,167.0,538.0
lobe-chat,{'login': 'lobehub'},58778,2023-05-21T07:19:12Z,2025-04-12T18:06:43Z,https://github.com/lobehub/lobe-chat,2020.0,599.0,2619.0
shadowsocks-windows,{'login': 'shadowsocks'},58744,2013-01-14T07:54:16Z,2025-04-12T16:14:06Z,https://github.com/shadowsocks/shadowsocks-windows,290.0,206.0,496.0
angular.js,{'login': 'angular'},58743,2010-01-06T00:34:37Z,2025-04-12T06:35:15Z,https://github.com/angular/angular.js,790.0,7138.0,7928.0
lazygit,{'login': 'jesseduffield'},58722,2018-05-19T00:53:06Z,2025-04-12T17:39:14Z,https://github.com/jesseduffield/lazygit,1551.0,266.0,1817.0
localstack,{'login': 'localstack'},58579,2016-10-25T23:48:03Z,2025-04-12T18:02:28Z,https://github.com/localstack/localstack,5868.0,627.0,6495.0
alacritty,{'login': 'alacritty'},58299,2016-02-18T05:02:30Z,2025-04-12T19:08:28Z,https://github.com/alacritty/alacritty,1864.0,561.0,2425.0
prometheus,{'login': 'prometheus'},58116,2012-11-24T11:14:12Z,2025-04-12T18:42:12Z,https://github.com/prometheus/prometheus,7335.0,2306.0,9641.0
spring-framework,{'login': 'spring-projects'},57805,2010-12-08T04:04:45Z,2025-04-12T17:18:33Z,https://github.com/spring-projects/spring-framework,857.0,4304.0,5161.0
fuel-core,{'login': 'FuelLabs'},57719,2020-08-27T21:12:14Z,2025-04-12T17:31:41Z,https://github.com/FuelLabs/fuel-core,1480.0,304.0,1784.0
